fid,nb_floor,nb_appart,Total Electricity Consumption (kwH),lat,long,Area in m^2,year_norm_z
1461,1.3862943611198906,1.0986122886681098,2.327862900178314,35.5330195399999,33.8950012999999,5.1114884453682325,-1.1924218391670918
870,1.0986122886681098,1.0986122886681098,2.5289235352047665,35.5308758199999,33.88856492,4.342383351100594,-1.1924218391670918
854,1.6094379124341005,2.19722457733622,2.7407755057149137,35.5309255499999,33.89151429,4.961201762694503,0.4071381378692232
1070,2.3978952727983707,3.044522437723423,4.664570529269539,35.50914181,33.8803891299999,5.63893548026387,0.4071381378692232
1023,1.6094379124341005,2.19722457733622,3.5972574645666207,35.5281462499999,33.9015392499999,5.651078061656301,-0.0156274398299077
1306,1.6094379124341005,1.6094379124341005,3.2087446776687423,35.52531115,33.89570614,4.793258255865678,-0.0156274398299077
968,1.0986122886681098,1.3862943611198906,3.3416596689459555,35.52839979,33.8966982199999,5.259642361023653,0.0259458763069378
106,1.9459101490553128,2.70805020110221,4.4828443474098,35.48697871,33.8968676499999,5.809258080216931,-0.0156274398299077
992,1.0986122886681098,1.0986122886681098,1.698181122268489,35.5147264499999,33.8908831199999,5.021587922402264,-0.0156274398299077
377,2.079441541679836,2.19722457733622,3.825615082687004,35.5254038599999,33.89245058,5.390362223725262,1.2543992975988467
1639,2.079441541679836,2.079441541679836,4.14095775533402,35.52849443,33.8858245699999,5.527096577009118,0.8457654036941855
305,1.3862943611198906,2.3978952727983707,3.3390737201803047,35.52781143,33.89175008,5.917734453220425,-0.0156274398299077
1220,1.0986122886681098,1.0986122886681098,1.8688748194455789,35.52663582,33.8868694399999,4.701043218688275,-1.1924218391670918
1151,1.0986122886681098,2.19722457733622,4.339066940233745,35.52814723,33.8824610799999,4.86112515929073,1.300626634375449
1414,1.6094379124341005,1.9459101490553128,3.1234216346948807,35.52864933,33.89464525,5.089604056238207,-0.0156274398299077
1039,2.5649493574615367,2.9444389791664403,4.610068171250283,35.5081112399999,33.8836102499999,5.171477965987584,2.2605583165504184
544,2.3978952727983707,2.3978952727983707,5.408018946138575,35.4807235,33.89665327,5.416752944705573,1.77209775307598
67,2.19722457733622,2.833213344056216,2.464703942470481,35.49055595,33.8997947,5.170502435140859,1.77209775307598
548,1.791759469228055,2.3978952727983707,4.981089758433376,35.48021872,33.89642648,5.786431010795433,1.77209775307598
1594,1.9459101490553128,1.9459101490553128,4.195621752442289,35.5170455399999,33.8739854199999,5.519245978450006,0.8457654036941855
1449,1.3862943611198906,1.3862943611198906,3.1670771396343134,35.5267314199999,33.89529942,5.341680070642518,0.4071381378692232
910,0.6931471805599453,0.6931471805599453,1.6016073333189118,35.53241423,33.89179725,4.76096070633022,-0.8150443270305894
851,1.0986122886681098,1.0986122886681098,3.020034566076956,35.5309207099999,33.8891254999999,4.38091254490753,-1.1924218391670918
1672,1.3862943611198906,1.3862943611198906,2.37145795728042,35.5284801399999,33.88929377,5.129538801138202,-1.1924218391670918
689,2.079441541679836,2.70805020110221,4.291568415050559,35.51174301,33.89018816,6.041499528451877,1.5814919086455363
178,2.19722457733622,2.079441541679836,3.1617127051348266,35.4897221499999,33.8911169699999,4.502875899757137,1.300626634375449
1565,2.3978952727983707,2.3978952727983707,4.0540606173716025,35.47615437,33.8975525099999,5.540644096908592,1.77209775307598
1716,2.19722457733622,3.044522437723423,4.639532964615591,35.51473472,33.8944143499999,5.770033186283698,0.8457654036941855
1602,2.079441541679836,2.079441541679836,4.634767822427035,35.51479725,33.87433583,5.392810522474682,0.1937957625052488
1187,1.3862943611198906,1.0986122886681098,1.8271266130653463,35.5267588399999,33.88492127,5.074917640223811,-0.0156274398299077
1269,0.6931471805599453,0.6931471805599453,1.6353005719598277,35.5297686799999,33.8887638,4.30832847918672,-1.1924218391670918
886,1.6094379124341005,1.6094379124341005,3.2914569176489565,35.53089568,33.8880455199999,4.840769280905689,-0.0156274398299077
1287,1.0986122886681098,1.3862943611198906,2.35432328839846,35.5308858499999,33.8876292799999,4.831746904521681,-0.4228999466420856
1397,0.6931471805599453,1.3862943611198906,1.8082887711792652,35.5344628699999,33.89651537,4.266650091638264,-0.8150443270305894
530,1.791759469228055,1.791759469228055,2.095191851771068,35.5306561499999,33.89126583,3.980006086049469,-0.0156274398299077
1531,1.0986122886681098,1.3862943611198906,2.108150468316289,35.52863774,33.88876485,4.191930619327622,-1.1924218391670918
1603,1.9459101490553128,2.70805020110221,4.566928193731224,35.5167446299999,33.87309349,5.434237778571831,0.4071381378692232
1494,1.0986122886681098,1.0986122886681098,3.025970456614601,35.5345228899999,33.89563743,5.02345812037144,-1.1924218391670918
1446,1.6094379124341005,2.19722457733622,3.586652911317826,35.5270781999999,33.8956322299999,5.113969650434926,-0.8150443270305894
815,1.0986122886681098,1.3862943611198906,2.743996327875673,35.5300210099999,33.88927454,4.257083204587234,-1.1924218391670918
1073,1.791759469228055,2.3978952727983707,3.908536936143314,35.5086294299999,33.8802866099999,4.941531844695792,-0.4228999466420856
82,2.302585092994046,2.772588722239781,4.500242909801824,35.48978075,33.89707931,5.581985843629663,1.300626634375449
1629,1.9459101490553128,3.044522437723423,3.850232704471692,35.51609143,33.87856158,6.333373306535035,0.8457654036941855
606,1.791759469228055,2.3978952727983707,4.467550447454962,35.47816899,33.89698673,5.471714644733675,0.4071381378692232
911,1.0986122886681098,0.6931471805599453,1.5646497296439663,35.53249026,33.89201329,4.759511320749077,-0.8150443270305894
502,1.0986122886681098,1.0986122886681098,2.5115485807344213,35.52660798,33.89424959,5.075900026947001,-1.411909148207508
363,1.9459101490553128,2.5649493574615367,3.915217896324663,35.52477857,33.89347132,5.412536102776102,0.4071381378692232
953,1.0986122886681098,1.791759469228055,2.188968366207078,35.5191447799999,33.89174611,5.739681975019504,-1.9043027771337224
112,1.9459101490553128,2.5649493574615367,4.138313599604224,35.4850835499999,33.89547719,5.571085492785604,-0.0156274398299077
1443,1.0986122886681098,1.0986122886681098,2.313920602657791,35.52713971,33.89464499,5.927939175425127,0.4071381378692232
1750,1.0986122886681098,0.6931471805599453,4.959426206689514,35.5086712,33.88883598,5.715133645007413,-1.1924218391670918
226,1.791759469228055,2.70805020110221,4.196103600338259,35.51681799,33.8849891099999,5.163855260504117,0.4071381378692232
1068,1.6094379124341005,2.5649493574615367,3.709906821306012,35.5100175199999,33.88057957,5.405715537998508,-0.4228999466420856
265,1.6094379124341005,1.6094379124341005,2.277984976125813,35.51827695,33.88618726,4.874465854231491,-0.0156274398299077
1146,2.302585092994046,2.302585092994046,4.157460196536174,35.5273178599999,33.88364965,5.3623270678022,1.300626634375449
798,1.0986122886681098,1.0986122886681098,2.7681413473125014,35.53022569,33.89001796,4.093193087342618,-1.1924218391670918
874,0.6931471805599453,0.6931471805599453,1.7261537121300612,35.5306659399999,33.8901952599999,4.81465378650705,-1.1924218391670918
862,1.6094379124341005,1.9459101490553128,3.184781151097368,35.5312314199999,33.8899301599999,4.32998426718664,-0.0156274398299077
775,1.6094379124341005,1.6094379124341005,3.341942654444841,35.51998341,33.87604574,4.6864273752555885,0.4071381378692232
642,2.19722457733622,2.833213344056216,4.966397751003027,35.51065853,33.87952639,5.960774805456951,1.300626634375449
1256,1.0986122886681098,1.0986122886681098,2.310751655660439,35.5296795399999,33.8884398599999,4.121707307584229,-1.1924218391670918
993,1.0986122886681098,1.0986122886681098,1.948193255069882,35.51469327,33.8912013599999,5.352683099122011,-0.0156274398299077
8,1.0986122886681098,1.0986122886681098,1.8668669417148605,35.5338564099999,33.89375099,5.334988760890014,-0.4228999466420856
861,1.0986122886681098,1.791759469228055,3.4455650827289057,35.53062502,33.8903524099999,4.819540389219409,-1.1924218391670918
1168,2.19722457733622,2.833213344056216,4.347331664876995,35.52367601,33.88239121,5.544824659180021,0.4071381378692232
546,1.3862943611198906,1.3862943611198906,5.205297062974815,35.48019456,33.8961321999999,6.004289353808022,-0.0156274398299077
1230,0.6931471805599453,1.0986122886681098,1.9889696385157605,35.5282996899999,33.88866988,4.280335762105828,-1.1924218391670918
470,1.0986122886681098,1.0986122886681098,0.8527117502312838,35.53329342,33.8938326099999,5.430442634076862,-1.9043027771337224
27,1.791759469228055,2.3978952727983707,2.5183414258742296,35.5293139699999,33.8927132999999,5.013695806785793,0.4071381378692232
1156,2.19722457733622,3.091042453358316,3.494110752018221,35.5236683099999,33.8835197699999,5.085374321980984,0.8457654036941855
1383,1.0986122886681098,1.3862943611198906,2.331755470293825,35.53402553,33.8969526699999,4.208216231476516,-0.0156274398299077
1728,1.6094379124341005,1.6094379124341005,2.383150740833613,35.5165674699999,33.89470216,4.7257997092896185,-0.0156274398299077
1305,2.19722457733622,2.70805020110221,4.745297279078916,35.52500783,33.8950251999999,6.000231183822567,0.8457654036941855
136,1.9459101490553128,2.9444389791664403,4.809253234563559,35.47239124,33.89639635,6.135128144953631,0.4071381378692232
128,1.6094379124341005,2.19722457733622,3.970103216504671,35.4718270799999,33.89489735,6.169637453088432,-0.0156274398299077
788,1.0986122886681098,1.0986122886681098,1.5991855359697489,35.5291111599999,33.8894651399999,4.362232046954534,-1.1924218391670918
670,2.4849066497880004,2.3978952727983707,4.209591050226486,35.51410133,33.88864531,4.901077765473456,1.77209775307598
1368,1.0986122886681098,1.6094379124341005,2.998279027820562,35.53428832,33.89749269,4.212886415417694,-0.8150443270305894
1512,2.5649493574615367,2.5649493574615367,2.6437605378858264,35.5111283399999,33.88695072,5.140251263955867,0.4071381378692232
668,1.6094379124341005,1.6094379124341005,3.581015808237989,35.5129727899999,33.8894379199999,5.7154207673243445,0.4071381378692232
525,1.0986122886681098,1.6094379124341005,2.206074192613202,35.53079625,33.8912107499999,3.635229694133042,-1.1924218391670918
1014,1.0986122886681098,1.0986122886681098,2.3286426273133345,35.52069899,33.8829786,4.8726797187923045,-0.4228999466420856
1625,1.0986122886681098,1.6094379124341005,3.4066491603404008,35.5203187799999,33.8760166699999,5.23924658670365,-0.4228999466420856
1045,2.4849066497880004,3.1354942159291497,4.754520792445346,35.50826114,33.88191398,5.73115232736083,1.77209775307598
1097,1.6094379124341005,1.791759469228055,3.7223142302001713,35.50809541,33.8845790399999,5.048578831918486,-0.0156274398299077
731,1.3862943611198906,1.3862943611198906,2.1114245875328868,35.51902221,33.8911657299999,4.9286343436022895,-0.6208404874460991
1245,1.0986122886681098,1.0986122886681098,2.487154122328471,35.5294462399999,33.88820768,4.3048638336801,-1.1924218391670918
1683,1.0986122886681098,1.3862943611198906,2.531551657611044,35.5287549999999,33.8889273899999,4.149705917634174,-1.1924218391670918
584,1.6094379124341005,2.19722457733622,4.518729555182775,35.48145326,33.8949881599999,5.503060302189498,-0.0156274398299077
1428,1.6094379124341005,1.6094379124341005,2.5402625140852924,35.52758526,33.8960111199999,4.83413432816518,1.071143363541828
122,1.791759469228055,1.9459101490553128,1.8561417281573231,35.47638268,33.8944923199999,5.764613524542147,-0.0156274398299077
1420,1.0986122886681098,1.0986122886681098,2.545688122047859,35.5273119599999,33.8962387699999,4.86609560787942,-0.0156274398299077
1212,1.6094379124341005,2.19722457733622,2.915931203350436,35.52829039,33.88799688,4.96418348198941,-0.0156274398299077
1471,1.3862943611198906,1.6094379124341005,2.9023552240486863,35.53242343,33.89550734,4.880038138806616,-1.1924218391670918
637,1.6094379124341005,2.19722457733622,3.0772661765352534,35.51047075,33.88042938,5.576748331840834,-0.4228999466420856
416,1.6094379124341005,1.6094379124341005,2.658159431488745,35.52864307,33.89282603,4.84944268779581,0.8457654036941855
1251,1.0986122886681098,1.0986122886681098,1.6582280766035324,35.52909016,33.88834535,4.807662282774028,-1.1924218391670918
473,1.0986122886681098,1.0986122886681098,1.6910178994265233,35.5332960699999,33.8931094499999,4.987734710713636,-1.1924218391670918
442,1.791759469228055,1.791759469228055,4.17514083205019,35.5304663399999,33.8922136999999,5.439476103690157,0.4071381378692232
936,1.6094379124341005,1.6094379124341005,3.3440977896215824,35.5124519399999,33.8929218299999,6.10728205587244,0.4071381378692232
1426,0.6931471805599453,0.6931471805599453,1.559827411880766,35.5277707899999,33.89591072,4.763865912553013,0.8457654036941855
48,1.0986122886681098,1.0986122886681098,2.254549643955489,35.4864963699999,33.9003418499999,5.345127625354891,-1.1924218391670918
29,0.6931471805599453,1.0986122886681098,2.9114807211064,35.47233568,33.8972848599999,5.190530959582707,-1.5553900411763233
1007,1.3862943611198906,1.3862943611198906,2.826721730819709,35.52757771,33.88882078,4.282471882570231,-1.1924218391670918
988,1.0986122886681098,1.0986122886681098,2.7960000265002423,35.51114329,33.8911318299999,5.284530390824937,-0.382859454387133
977,2.3978952727983707,2.3978952727983707,4.525347454118104,35.52014947,33.89026392,5.549030617480266,2.7663915025159964
1005,1.3862943611198906,1.9459101490553128,4.132795748596352,35.5280806199999,33.89750558,6.340861504078471,-1.1924218391670918
1647,2.19722457733622,3.044522437723423,4.154231657230529,35.5302343199999,33.8865354799999,5.61450527597573,0.8457654036941855
404,1.0986122886681098,1.0986122886681098,2.064581678772812,35.5294587599999,33.89340553,3.6843849076553616,0.4071381378692232
1258,1.6094379124341005,1.6094379124341005,6.234410725718371,35.5295903399999,33.8886643499999,4.032087451640165,-1.1924218391670918
1058,2.19722457733622,2.19722457733622,4.6725671179741335,35.5087279199999,33.8807161,5.3652384730017815,0.58066487595837
99,1.6094379124341005,2.19722457733622,3.886787245359883,35.48165223,33.89768938,5.676700550734002,-0.4228999466420856
749,1.9459101490553128,2.833213344056216,4.536934170870228,35.52366614,33.88761628,5.606494092066651,2.5112792420117174
1500,0.6931471805599453,0.6931471805599453,0.9270328284060572,35.53351614,33.89507597,5.179883009903182,-1.9043027771337224
352,1.6094379124341005,1.6094379124341005,2.181095195406336,35.53267435,33.89251591,4.618824522347284,-0.4228999466420856
848,1.6094379124341005,1.6094379124341005,2.0483377966285023,35.53069997,33.8892091499999,4.144038865932578,-1.1924218391670918
1215,1.3862943611198906,2.19722457733622,3.276163119291579,35.5284572799999,33.88779926,5.277104839963188,-0.0156274398299077
511,1.9459101490553128,2.5649493574615367,4.275846338643484,35.5189659899999,33.88939913,5.642424138260582,1.300626634375449
1238,0.6931471805599453,0.6931471805599453,1.7944225866475387,35.52893967,33.8882066899999,4.11265586258371,-1.1924218391670918
283,0.6931471805599453,0.6931471805599453,1.0814661298331392,35.5247666499999,33.89102135,4.987662050343771,-1.1924218391670918
1207,1.6094379124341005,2.3978952727983707,4.04784676856252,35.5269328899999,33.8873676199999,5.55405210905089,-0.0156274398299077
1044,2.4849066497880004,3.1354942159291497,4.904652362555615,35.50802737,33.88194068,5.5885319206893485,1.77209775307598
298,1.6094379124341005,2.4849066497880004,3.3420487533645,35.53168053,33.89212965,4.365409746932856,-0.0156274398299077
1482,1.6094379124341005,2.19722457733622,3.508885187079073,35.53150397,33.8958002299999,5.7162974344347415,-0.4228999466420856
523,1.0986122886681098,1.0986122886681098,2.286658942443786,35.5305795,33.8916255,4.18197398807587,-1.1924218391670918
1154,1.0986122886681098,1.0986122886681098,2.305580601973843,35.52406107,33.88147198,4.802569819034114,-0.0156274398299077
620,1.6094379124341005,1.791759469228055,3.1137819403278053,35.4880224099999,33.89082947,5.738985385854254,-0.4228999466420856
1380,1.0986122886681098,1.0986122886681098,1.9701845557428863,35.5336503799999,33.89756796,4.043868585783079,-0.4228999466420856
302,0.6931471805599453,0.6931471805599453,1.8211564460788423,35.5324430499999,33.8929911299999,5.473421136580538,-1.1924218391670918
1643,2.19722457733622,2.19722457733622,4.32166604049908,35.5283490099999,33.8861509099999,5.628780235264699,0.8457654036941855
1259,0.6931471805599453,0.6931471805599453,2.738644066186837,35.52974159,33.88847647,4.1139109081191,-1.1924218391670918
1403,0.6931471805599453,1.791759469228055,1.1936193922464444,35.5347702999999,33.89704502,4.410512487077307,-0.0156274398299077
1542,2.5649493574615367,2.5649493574615367,4.985454228898997,35.47627321,33.9006321299999,5.699462611300986,1.300626634375449
767,0.6931471805599453,1.0986122886681098,2.397440624006724,35.5195287499999,33.89039557,5.601198301856017,-0.8150443270305894
1281,1.6094379124341005,2.19722457733622,3.563599637687176,35.53021117,33.8875469299999,4.826423624596154,-0.0156274398299077
1390,1.0986122886681098,1.6094379124341005,1.95387831870449,35.5342754099999,33.8968957,4.4616650249082905,-0.4228999466420856
1247,1.3862943611198906,1.3862943611198906,2.3051817188413115,35.5290402199999,33.8882636399999,3.990146787422752,-1.1924218391670918
1479,1.3862943611198906,1.3862943611198906,3.1241694627292924,35.53128198,33.8956073,5.119916424091729,-1.1924218391670918
690,1.6094379124341005,1.6094379124341005,4.424894534901058,35.51263447,33.89025532,5.901441631108905,0.4071381378692232
958,1.0986122886681098,1.0986122886681098,1.78858777806242,35.52543388,33.8965787699999,5.099451619882541,-0.2211774318299915
393,1.6094379124341005,2.19722457733622,3.37789463609232,35.5290583299999,33.8933719899999,5.23330512424097,0.8457654036941855
1165,2.302585092994046,2.8903717578961645,4.703212992401496,35.52387593,33.8824157199999,5.715754091340709,1.77209775307598
1677,1.3862943611198906,1.3862943611198906,2.9592757365433706,35.52853649,33.8888974799999,4.180995912120171,-1.1924218391670918
1591,1.791759469228055,3.4339872044851463,4.810011264211917,35.51532677,33.8774359299999,6.423663455256331,-0.0156274398299077
820,1.6094379124341005,1.6094379124341005,2.8513421375945924,35.5298992,33.88890631,4.076031276885084,-1.1924218391670918
154,2.4849066497880004,3.1354942159291497,5.143112798242014,35.47391128,33.89374516,6.144639229089971,1.300626634375449
1447,1.6094379124341005,2.19722457733622,3.383474590007581,35.5270568899999,33.8954266699999,5.206362922434277,0.8457654036941855
1622,1.6094379124341005,2.302585092994046,2.976345559753801,35.5196474299999,33.87574792,4.857066796643495,0.4071381378692232
1451,1.3862943611198906,1.3862943611198906,2.374440530094473,35.52709267,33.89522937,4.5474385409132125,0.1937957625052488
513,1.0986122886681098,1.6094379124341005,1.7139780917080245,35.53019847,33.8913185899999,4.011383217593687,-1.1924218391670918
678,1.6094379124341005,1.6094379124341005,3.387402670639963,35.5120902299999,33.89085012,5.383159991271165,-0.4228999466420856
1668,1.3862943611198906,1.6094379124341005,1.9315214116032136,35.5282343499999,33.88895282,4.966678503963624,-1.1924218391670918
1350,1.3862943611198906,1.3862943611198906,3.5838522162462305,35.5323657,33.89666159,5.357892235105093,-0.0156274398299077
1011,1.3862943611198906,1.9459101490553128,2.34985028546116,35.52767815,33.88273813,4.606820129900714,-0.4228999466420856
509,1.9459101490553128,2.079441541679836,3.400397061491383,35.51765271,33.89048239,5.116369802570049,0.8457654036941855
1322,1.3862943611198906,1.9459101490553128,3.332561589272017,35.5265528099999,33.89646956,5.3967633818314455,-0.0570458282878974
348,0.6931471805599453,0.6931471805599453,2.06888602774032,35.53261184,33.89263495,4.653394039014587,-0.8150443270305894
1742,1.3862943611198906,1.9459101490553128,3.029070333164501,35.5313533699999,33.9021807999999,4.968062572690688,-0.4228999466420856
1739,1.0986122886681098,1.0986122886681098,2.472159076965497,35.53141824,33.9025813,4.461652567910939,-0.4228999466420856
842,1.3862943611198906,1.3862943611198906,1.6889881911921094,35.53027497,33.88896032,4.115509758689662,-1.1924218391670918
1134,1.6094379124341005,2.19722457733622,3.976686518753868,35.52692944,33.88444451,5.419038403621746,-0.4228999466420856
1202,1.791759469228055,2.5649493574615367,4.233265571401886,35.5267765199999,33.88770659,5.339576141105997,-0.0156274398299077
1702,1.0986122886681098,0.6931471805599453,4.156050951658079,35.5153506699999,33.89265601,6.066488641810048,-0.4228999466420856
596,1.6094379124341005,3.1354942159291497,4.331272668506926,35.48568145,33.8961782599999,5.754312516335162,0.4071381378692232
1300,1.6094379124341005,1.6094379124341005,3.260938649240587,35.52620943,33.89492148,4.701429325160732,0.624445878085537
983,1.6094379124341005,3.555348061489413,3.664970909062261,35.5114275299999,33.89128637,5.462098995331919,0.2361492288942246
1378,1.0986122886681098,1.0986122886681098,1.83784757342081,35.53389919,33.89745406,3.898693273189128,-0.0156274398299077
289,2.302585092994046,2.9444389791664403,3.853779296986653,35.52382086,33.88986718,5.092440126002709,2.2605583165504184
202,1.0986122886681098,0.6931471805599453,1.5713205903209724,35.49086999,33.89245864,4.646702570898932,-1.1924218391670918
679,1.9459101490553128,2.079441541679836,4.078418411671842,35.51142816,33.8910868899999,5.636638466874079,0.4502809745579276
354,1.0986122886681098,0.6931471805599453,1.7289971474917396,35.53303203,33.89285833,4.810575494695399,-0.8150443270305894
269,1.6094379124341005,1.6094379124341005,3.285636874358865,35.5188429199999,33.8865779599999,5.333543877374383,0.4071381378692232
1069,1.6094379124341005,1.6094379124341005,3.523768934050333,35.5089175999999,33.8804404199999,5.227296048392757,-0.0156274398299077
214,2.19722457733622,2.9444389791664403,4.430173734979203,35.51325791,33.872311,5.825922817703412,0.935426955527352
1730,1.6094379124341005,2.19722457733622,3.769352838263811,35.51626731,33.8953141599999,5.775356987135806,-0.4228999466420856
1000,1.3862943611198906,1.0986122886681098,2.5057708049673093,35.5123808299999,33.89374008,5.097390413431364,-1.9043027771337224
1196,2.079441541679836,2.079441541679836,3.5792040873048325,35.5257380199999,33.88806504,4.9114534380956085,-0.0156274398299077
1071,2.302585092994046,2.9444389791664403,4.555233865232073,35.50974841,33.88048544,5.782455081656471,1.071143363541828
185,2.3978952727983707,2.3978952727983707,4.840013032874146,35.4887320799999,33.89135437,5.700970951101943,0.8457654036941855
1670,1.0986122886681098,1.0986122886681098,2.8025721915790416,35.5280348499999,33.88920633,4.714260180841751,-1.1924218391670918
191,2.5649493574615367,3.1354942159291497,4.833977666926732,35.48959455,33.8894303599999,5.876886122806818,1.77209775307598
424,1.0986122886681098,1.0986122886681098,2.675182597476593,35.5276533799999,33.89232107,5.499954934645428,0.8457654036941855
1294,1.0986122886681098,1.0986122886681098,2.7553789805085884,35.52575555,33.89629746,5.697802288785976,-0.5815527607910175
1736,1.0986122886681098,1.0986122886681098,1.602010396605304,35.5321029899999,33.9025407,4.796791047093449,-1.1924218391670918
1590,1.791759469228055,1.791759469228055,2.344878005184297,35.51558438,33.87715373,5.93160844135179,-0.0156274398299077
384,0.6931471805599453,1.3862943611198906,1.2328517638763126,35.52414908,33.8923557999999,5.224240166156244,-2.2395101628080005
1673,1.3862943611198906,1.3862943611198906,1.108892598075666,35.5288542799999,33.8892546499999,4.86876377409677,-1.1924218391670918
342,1.0986122886681098,1.3862943611198906,2.1426510550777205,35.5304833699999,33.89173565,4.296907408515912,-1.1924218391670918
1141,1.791759469228055,2.3978952727983707,3.178720274891102,35.52697632,33.8847778499999,4.926864367114646,-0.0156274398299077
1569,2.3978952727983707,3.1354942159291497,4.448083533742031,35.4760262699999,33.89809348,6.025764592669508,1.300626634375449
926,1.3862943611198906,1.0986122886681098,1.970463379110091,35.51151833,33.8940297899999,5.471176063299869,-0.4228999466420856
435,1.0986122886681098,1.3862943611198906,3.245595649567582,35.52715975,33.89280423,5.249832151465405,-0.8150443270305894
1222,1.0986122886681098,1.0986122886681098,3.1650108053759896,35.5258423699999,33.8873649399999,5.590538630785795,-1.1924218391670918
1319,0.6931471805599453,1.0986122886681098,2.538605382121935,35.52700585,33.89655553,5.010291377076904,-0.4627891606739648
1373,0.6931471805599453,1.9459101490553128,3.026552415893877,35.5340508,33.89739233,4.323044159080657,-0.4228999466420856
846,1.3862943611198906,1.3862943611198906,2.457706729861346,35.53059288,33.88923133,3.888852244921825,-1.1924218391670918
1552,2.995732273553991,3.367295829986474,4.779148702877794,35.47617403,33.8988856499999,6.0802944087471085,1.77209775307598
1478,1.9459101490553128,2.3978952727983707,4.433266177616849,35.5314156999999,33.8955307,5.886515526863193,-0.0156274398299077
1347,1.0986122886681098,1.0986122886681098,2.0981406191123204,35.5307758699999,33.8971265599999,6.049986070281995,-0.4228999466420856
131,1.791759469228055,2.3978952727983707,4.1604287631809065,35.47134408,33.8957060099999,6.092270262475185,-0.0156274398299077
975,1.0986122886681098,1.0986122886681098,1.5594069788285354,35.5126411399999,33.8946485399999,5.301490302463715,-1.1924218391670918
68,1.6094379124341005,1.3862943611198906,2.487985239397598,35.48355181,33.9020354399999,5.212521884979694,-1.519731526201718
1412,0.6931471805599453,0.6931471805599453,1.4955970960103406,35.52857951,33.8943818799999,4.565859225020998,-2.040010892555601
57,1.0986122886681098,1.0986122886681098,1.2570395252626283,35.4876029699999,33.8999877099999,4.826091399602125,-1.1924218391670918
1261,0.6931471805599453,0.6931471805599453,1.9717171230926644,35.52939748,33.88845097,4.298299255725497,-1.1924218391670918
1464,1.791759469228055,2.3978952727983707,3.6203596849821262,35.5328316599999,33.8956291399999,5.097321259134597,-0.0156274398299077
1440,1.6094379124341005,1.6094379124341005,3.7942299697217625,35.53136319,33.89483237,5.747474683569027,0.8905148241478935
905,1.0986122886681098,1.0986122886681098,2.1382998986861894,35.5321464499999,33.8918279299999,4.434306615792317,-0.8150443270305894
966,1.6094379124341005,1.9459101490553128,3.386354434792381,35.5287652399999,33.8966743699999,5.2282165802446965,0.8905148241478935
677,1.791759469228055,1.791759469228055,3.2406373166497136,35.5111795999999,33.8913044999999,5.800314554076431,-0.0156274398299077
1226,1.9459101490553128,2.70805020110221,4.536966288893259,35.5290366899999,33.8876252,5.950842248391984,0.4071381378692232
145,1.6094379124341005,1.6094379124341005,3.7023631392725935,35.47261119,33.89714904,5.209004257710355,-0.0156274398299077
323,2.19722457733622,2.833213344056216,3.993916307387608,35.5259096899999,33.89073802,6.474333632382057,-0.0156274398299077
694,1.9459101490553128,2.3978952727983707,4.385831885514861,35.51680677,33.8910655199999,5.860004235539429,1.300626634375449
1375,0.6931471805599453,0.6931471805599453,1.462329047395888,35.53384382,33.89755804,4.1296505760008335,-0.0156274398299077
967,1.0986122886681098,1.0986122886681098,2.5522537232476106,35.52849657,33.89659734,4.782859253109759,0.8457654036941855
979,2.4849066497880004,3.044522437723423,5.137097592781882,35.5190643099999,33.88994443,6.392029558299917,2.817945175427452
1556,1.6094379124341005,2.3978952727983707,3.3574544587142365,35.47371407,33.8977792299999,5.685823658909505,-0.0156274398299077
636,1.3862943611198906,1.3862943611198906,2.6463166312968487,35.5110455299999,33.8807055799999,4.626339066114108,-0.8150443270305894
942,2.079441541679836,2.70805020110221,3.3307391513469,35.5136701899999,33.89267196,5.773917875078549,0.4071381378692232
713,1.6094379124341005,1.791759469228055,3.450653990374748,35.52341727,33.8860049999999,5.004243398929766,0.4071381378692232
378,2.079441541679836,2.19722457733622,4.122283930911342,35.524914,33.8925758999999,5.723036899877208,0.624445878085537
1297,1.6094379124341005,1.791759469228055,3.6089159099735513,35.5267710299999,33.89598101,5.13499055541352,-0.4228999466420856
1293,1.0986122886681098,1.3862943611198906,2.646387540710103,35.52394358,33.8950219099999,5.16372392087049,-0.3426673206201043
1574,2.079441541679836,2.70805020110221,3.8007338388880783,35.50724899,33.88551512,5.7272958589162455,-0.4228999466420856
725,2.19722457733622,2.5649493574615367,4.968708522868221,35.52077554,33.8840003199999,6.296300169363389,0.8457654036941855
1171,2.6390573296152584,3.258096538021482,5.276628862102884,35.52561259,33.8845953399999,5.864006717096288,0.8457654036941855
1695,1.6094379124341005,1.6094379124341005,2.387753105363923,35.52929239,33.8890452099999,4.770752684234283,-1.1924218391670918
1492,1.791759469228055,2.3978952727983707,3.7107387884668297,35.5290531899999,33.8969368899999,5.533392071771611,-0.0156274398299077
990,1.3862943611198906,1.0986122886681098,2.2810549744436823,35.5125364299999,33.89148411,4.988032226489735,-0.4228999466420856
1697,1.0986122886681098,1.0986122886681098,3.069818816906689,35.5292139199999,33.8893264399999,4.630722519741553,-1.1924218391670918
1176,1.9459101490553128,2.5649493574615367,4.1080008886695865,35.52580184,33.8839743799999,5.2248318810146905,0.1937957625052488
433,2.5649493574615367,2.4849066497880004,3.211931770633769,35.52701909,33.8925091799999,4.728237793408031,2.310353513403019
1163,1.6094379124341005,2.079441541679836,2.9348669977827107,35.5237564099999,33.88169362,5.04377630748978,-0.0156274398299077
1758,1.0986122886681098,1.0986122886681098,1.7429193038085815,35.51546381,33.8955107999999,5.131807515589196,-0.7378083074817396
134,1.6094379124341005,2.19722457733622,3.106065405238333,35.47129135,33.89597862,5.7486273732264825,-0.8150443270305894
391,1.0986122886681098,0.6931471805599453,3.2669037938787824,35.52904259,33.89310582,4.966345885949162,0.6683873508978188
1356,0.6931471805599453,0.6931471805599453,0.9282193027394288,35.52780458,33.9012114,6.593896487224585,-1.9043027771337224
313,1.0986122886681098,1.3862943611198906,2.129659257840453,35.5274605999999,33.8895703999999,5.280045652631536,-0.4228999466420856
1555,2.079441541679836,2.70805020110221,3.8635048042734175,35.47345217,33.8977414499999,5.762688011633043,0.4071381378692232
1272,1.3862943611198906,1.9459101490553128,3.749339356482515,35.5303364199999,33.88804297,4.868141749419923,-0.0156274398299077
624,1.0986122886681098,2.5649493574615367,2.3683728335320486,35.48783376,33.88984872,5.374545532984132,-0.8150443270305894
793,1.0986122886681098,1.0986122886681098,2.204641448663919,35.5301828099999,33.88954193,4.175833722106764,-1.1924218391670918
1541,1.9459101490553128,2.079441541679836,3.611998409777976,35.47648446,33.90067288,5.792022365078809,0.8457654036941855
144,2.3978952727983707,2.3978952727983707,4.061563072697719,35.47282855,33.8971003899999,5.3539594190814,1.300626634375449
1369,0.6931471805599453,1.6094379124341005,2.817323053579946,35.53418354,33.8974352899999,4.214703572121679,-0.4228999466420856
1620,1.791759469228055,1.791759469228055,5.914807559742821,35.5112676999999,33.88838014,6.370889606796961,0.4071381378692232
688,2.3978952727983707,2.302585092994046,4.915496432949385,35.5114842799999,33.89013963,6.005392572003381,2.6638165416470923
746,0.6931471805599453,0.6931471805599453,1.8449842304653528,35.5238795699999,33.88723856,4.461231688977618,-0.4228999466420856
259,1.0986122886681098,1.0986122886681098,2.496917562454136,35.51942339,33.88384862,4.960846665657226,-0.0156274398299077
1485,1.6094379124341005,1.6094379124341005,2.8999369760991187,35.53066279,33.8963231999999,5.197194112592716,-1.1924218391670918
447,1.9459101490553128,1.9459101490553128,3.9589447585375503,35.5314052499999,33.89272338,5.420187219879264,0.8905148241478935
1475,1.6094379124341005,1.791759469228055,3.376631427716902,35.53151039,33.8960482999999,5.424138822146124,-0.4228999466420856
1477,1.3862943611198906,1.0986122886681098,2.017167122195332,35.5316602899999,33.8964682,5.835419557077121,-1.1924218391670918
383,1.6094379124341005,2.19722457733622,2.377228635989812,35.5241927699999,33.8924792899999,5.0522830652651045,-0.0156274398299077
460,1.0986122886681098,0.6931471805599453,3.071257098640233,35.5313133399999,33.89387938,4.7733938399030365,0.8457654036941855
1490,1.3862943611198906,1.6094379124341005,2.4065846830125306,35.5299029299999,33.89636679,5.48143561848362,-0.4228999466420856
552,1.9459101490553128,1.9459101490553128,1.6963492844233967,35.47799693,33.8963869399999,5.202366051789108,0.4071381378692232
87,1.791759469228055,2.3978952727983707,6.770751579156178,35.4807577099999,33.8945956399999,6.042958756005733,-0.0156274398299077
763,2.079441541679836,2.70805020110221,4.248909441971011,35.51987372,33.89081397,6.001003577032081,0.8457654036941855
418,1.791759469228055,1.791759469228055,2.418410658499636,35.5286647699999,33.89293184,4.5320682148434726,0.4071381378692232
311,1.3862943611198906,1.3862943611198906,3.664868484152433,35.5282441399999,33.8904130299999,5.84418164115224,-0.0156274398299077
1362,1.3862943611198906,2.302585092994046,3.392190272502181,35.52897926,33.9009946799999,5.1636557635220015,-0.4228999466420856
653,1.3862943611198906,1.6094379124341005,3.1247849014686007,35.51562228,33.8902519199999,4.962923681121312,0.4071381378692232
1049,2.302585092994046,3.091042453358316,2.0409605548615546,35.50895209,33.8812960699999,5.421599851726236,1.77209775307598
850,1.0986122886681098,1.0986122886681098,2.481149600910288,35.53086399,33.8891975499999,4.753083769206774,-1.1924218391670918
1549,1.6094379124341005,1.791759469228055,4.301182564328365,35.47412758,33.89863184,5.868894652647474,0.8457654036941855
719,1.791759469228055,2.5649493574615367,3.668319540148575,35.52002465,33.8862185099999,5.129244065781752,0.4071381378692232
500,0.6931471805599453,1.0986122886681098,2.590317164195868,35.5196850199999,33.8848638699999,5.109259417657588,-0.4228999466420856
1133,1.3862943611198906,1.9459101490553128,2.87288644355514,35.52679297,33.8844582999999,5.019671949239216,-0.4228999466420856
859,0.6931471805599453,0.6931471805599453,1.4053614238371164,35.53104141,33.89005676,3.6334916954361383,-1.1924218391670918
828,1.3862943611198906,1.6094379124341005,2.6566165459873536,35.53048772,33.88870749,4.15114611731943,-1.1924218391670918
1701,1.6094379124341005,1.6094379124341005,3.0618008735236955,35.51549121,33.89246078,5.598498967940517,0.4071381378692232
1518,2.4849066497880004,2.4849066497880004,3.1102210000386843,35.4758196499999,33.89884328,5.580502400413349,1.300626634375449
1182,2.19722457733622,2.833213344056216,4.779745148583207,35.5260073899999,33.8858041599999,6.138547011807404,0.58066487595837
1610,2.079441541679836,2.079441541679836,4.101485670373467,35.51532941,33.8757698399999,5.901101245495912,-0.0156274398299077
319,1.9459101490553128,2.5649493574615367,3.04818239855491,35.5264025199999,33.8901351,5.330973980200688,-0.0156274398299077
549,1.6094379124341005,2.302585092994046,6.155535147142134,35.4799185299999,33.89617692,5.894472122924939,0.4071381378692232
1095,1.6094379124341005,1.6094379124341005,4.059528799679534,35.50878343,33.88438997,5.219468570330162,-0.0156274398299077
565,1.9459101490553128,2.5649493574615367,4.1387282065309074,35.4836915699999,33.8978466499999,4.981552228482821,1.77209775307598
15,2.3978952727983707,3.044522437723423,3.760921006978907,35.49082845,33.8995703,5.6161221230117,1.300626634375449
841,1.0986122886681098,1.0986122886681098,2.8519773699088478,35.53033466,33.88889796,4.2379618399739405,-1.1924218391670918
1060,1.9459101490553128,1.9459101490553128,4.514829637086649,35.50938938,33.8807315199999,5.539388493236977,1.77209775307598
1144,2.302585092994046,3.044522437723423,4.495879736022181,35.52773019,33.88419203,5.65206507564724,0.8457654036941855
1127,1.791759469228055,2.3978952727983707,3.491251347502593,35.52736781,33.88454713,5.414883790877339,-0.0156274398299077
174,1.0986122886681098,1.3862943611198906,2.476538400117484,35.49012226,33.89072439,4.824494655508366,-0.8150443270305894
745,0.6931471805599453,1.0986122886681098,3.1709452911106464,35.5238947499999,33.88697148,5.44651798101573,-0.0156274398299077
955,1.3862943611198906,1.3862943611198906,1.94548148576376,35.52031403,33.89153075,4.444123679712417,-1.1924218391670918
140,1.6094379124341005,1.6094379124341005,4.284689401784923,35.4742446899999,33.89622464,5.853046119210056,-0.0156274398299077
270,1.6094379124341005,1.6094379124341005,2.7580459874234498,35.51850838,33.8867381399999,5.624933799561951,0.4071381378692232
1484,1.6094379124341005,1.9459101490553128,3.295132914584955,35.53117872,33.89592417,5.109011276672433,-0.4228999466420856
381,1.0986122886681098,0.6931471805599453,2.19789102187938,35.5244350999999,33.89248441,5.050832207201016,1.5814919086455363
617,1.3862943611198906,1.6094379124341005,3.722821838289293,35.48788609,33.89391793,6.204558923943772,0.4071381378692232
1174,2.3978952727983707,2.3978952727983707,4.073154973539496,35.52591137,33.8849334299999,5.317988233419094,1.300626634375449
1002,1.0986122886681098,0.6931471805599453,4.820386398819521,35.5139740899999,33.8947290899999,6.07251836443936,-1.1924218391670918
28,0.6931471805599453,1.0986122886681098,4.063558840956468,35.52840983,33.89228148,5.277795022029536,-1.731581372624909
604,1.791759469228055,2.3978952727983707,2.412067103611043,35.4780745899999,33.8975804,5.43596526504541,-0.4228999466420856
9,1.6094379124341005,1.6094379124341005,2.963725477418905,35.5290365999999,33.89249935,4.34018986386677,0.8457654036941855
627,0.6931471805599453,0.6931471805599453,1.4126928349744217,35.48828016,33.8885313299999,5.654995703380013,-1.1924218391670918
981,2.19722457733622,2.19722457733622,4.26259536642814,35.52047146,33.88858424,5.929504674003307,2.869676828226676
969,1.3862943611198906,1.0986122886681098,1.413423028508143,35.52822316,33.89660361,4.981096001367059,0.0259458763069378
427,1.6094379124341005,1.9459101490553128,2.441041836141053,35.52780973,33.8929395099999,4.565078789611838,0.4071381378692232
290,1.9459101490553128,2.5649493574615367,2.941012061353753,35.5238395599999,33.8899816799999,4.920861529989734,1.300626634375449
284,0.6931471805599453,2.19722457733622,3.5310846424965776,35.52501274,33.8901357,5.421599217242729,-0.4228999466420856
1749,2.19722457733622,2.19722457733622,3.8998289593274382,35.5100834599999,33.88798821,6.26513792075611,0.4071381378692232
1745,1.3862943611198906,1.3862943611198906,3.456474397151992,35.5299945699999,33.9009045399999,5.410410644580415,-0.4228999466420856
451,1.6094379124341005,1.6094379124341005,2.8720380512076544,35.5317815499999,33.89399568,5.310982560565539,0.8457654036941855
506,1.0986122886681098,1.0986122886681098,1.6669518186347072,35.5310669799999,33.8917757899999,3.83722770999881,-1.1924218391670918
485,1.6094379124341005,2.19722457733622,3.182253333411696,35.5338410399999,33.89389657,4.513683625845067,-0.0156274398299077
69,1.3862943611198906,1.791759469228055,2.423740214550513,35.48335951,33.9017557399999,5.178033009805351,-0.0156274398299077
824,1.0986122886681098,1.0986122886681098,2.3410362793682977,35.53031792,33.8886140899999,4.082040344096287,-1.1924218391670918
782,1.791759469228055,2.3978952727983707,3.3403498183294373,35.53173034,33.8918400499999,4.556759648436155,-0.0156274398299077
1295,1.791759469228055,2.9444389791664403,4.132763672126045,35.52607245,33.896124,7.005068915408123,-0.0156274398299077
524,1.0986122886681098,1.0986122886681098,1.6382197138595525,35.5303029,33.89160737,4.139372363104047,-1.1924218391670918
239,2.19722457733622,2.19722457733622,4.072473797803882,35.5160999399999,33.88432332,5.300761358939106,0.8457654036941855
1658,1.0986122886681098,1.0986122886681098,1.7793494491513735,35.52790642,33.8887223199999,4.298895304041678,-1.1924218391670918
810,1.6094379124341005,1.6094379124341005,1.3800247481062953,35.5298746699999,33.8892778499999,4.841405686342728,-1.1924218391670918
54,2.4849066497880004,2.4849066497880004,1.8492419046414172,35.4873119399999,33.90067363,6.027595689943101,1.77209775307598
333,2.079441541679836,2.079441541679836,3.434793331090668,35.5257823099999,33.88902438,5.112385689966329,-0.0156274398299077
1488,1.3862943611198906,1.3862943611198906,2.449970079907095,35.53021005,33.8960068399999,5.2724407494898,-1.1924218391670918
340,1.3862943611198906,1.0986122886681098,2.37453359230663,35.53057865,33.89183203,4.162465720609562,-1.1924218391670918
1713,1.0986122886681098,1.0986122886681098,4.178394614369869,35.51500121,33.89445209,5.754246710540872,-1.9043027771337224
1705,2.302585092994046,2.302585092994046,4.813890216636569,35.51526357,33.8934035999999,6.139685554349903,1.300626634375449
26,1.3862943611198906,1.3862943611198906,4.290459441148391,35.5305171899999,33.8927107499999,5.185757196583048,0.8457654036941855
514,1.0986122886681098,1.0986122886681098,1.5769147207285403,35.5303105699999,33.8899115299999,3.57991757759501,-1.1924218391670918
196,1.791759469228055,2.19722457733622,3.945264339207946,35.49041642,33.8889309799999,5.30238332045799,-0.0156274398299077
1548,1.9459101490553128,1.9459101490553128,5.34461872191488,35.47386565,33.89894617,6.681144123520636,1.300626634375449
72,1.0986122886681098,1.0986122886681098,1.956850089093648,35.4839076399999,33.90154966,4.1066311958181485,-0.8150443270305894
203,2.3978952727983707,2.995732273553991,5.201442963984926,35.4913568799999,33.8928957099999,5.804676556322332,1.77209775307598
1648,2.079441541679836,2.70805020110221,4.602667055769973,35.5295048799999,33.8860455599999,5.73194589595853,0.4071381378692232
597,2.19722457733622,2.19722457733622,5.036744788614039,35.48594055,33.8962435799999,5.775809297308157,1.77209775307598
439,1.3862943611198906,1.3862943611198906,3.658239817981822,35.5302802799999,33.8928509899999,5.091228478229814,0.8457654036941855
423,1.6094379124341005,1.6094379124341005,1.7282870462724815,35.52784084,33.8923032699999,5.55769065105655,0.8457654036941855
946,1.0986122886681098,0.6931471805599453,1.1975522365230131,35.52012869,33.89291996,5.419106146372783,-1.9043027771337224
236,1.9459101490553128,2.5649493574615367,4.588329168792064,35.5162935899999,33.8849347,5.801526374629343,0.4071381378692232
1435,0.6931471805599453,0.6931471805599453,0.7385984434638627,35.52861046,33.8949979499999,5.0252772518119695,1.77209775307598
1651,1.9459101490553128,2.5649493574615367,3.6686767467964168,35.53045327,33.88670075,6.135057592223967,0.4071381378692232
1601,2.079441541679836,2.079441541679836,4.721725802006418,35.51477193,33.87454101,5.802074823422645,0.624445878085537
914,1.0986122886681098,0.6931471805599453,0.7026023393307004,35.5329822799999,33.89125185,4.424352730753245,-1.1924218391670918
317,1.0986122886681098,1.0986122886681098,1.9998570623369936,35.5266624799999,33.89095787,5.452367705384163,-1.1924218391670918
889,1.0986122886681098,1.6094379124341005,2.376114326282161,35.5304884399999,33.8914659,4.74856428134561,-0.0156274398299077
22,2.19722457733622,2.302585092994046,2.3003826694388456,35.5284272399999,33.89276006,4.9421655726638765,0.4071381378692232
93,1.3862943611198906,2.19722457733622,3.9654310621287614,35.48398686,33.8983005799999,5.179498111536138,-0.0156274398299077
890,1.791759469228055,2.70805020110221,3.543766973102253,35.53031876,33.8913880599999,4.874873974853365,-0.0156274398299077
1241,0.6931471805599453,0.6931471805599453,3.56953269648137,35.52937227,33.8881709899999,4.2566007634402405,-1.1924218391670918
392,1.6094379124341005,1.6094379124341005,3.4097936608875123,35.52901974,33.8932187699999,5.470812055821454,0.6683873508978188
943,1.3862943611198906,1.3862943611198906,5.1298987149230735,35.51392597,33.89283419,5.529290482993562,-1.1924218391670918
1140,1.6094379124341005,2.19722457733622,2.973231008207477,35.5268073,33.8847535299999,4.8441289863219925,-0.0156274398299077
180,1.3862943611198906,1.3862943611198906,3.24192806839835,35.4899019699999,33.89115404,5.449595381846967,-0.8150443270305894
218,2.302585092994046,2.19722457733622,4.616703421801755,35.51474755,33.87144516,5.382069916322829,1.77209775307598
325,1.3862943611198906,1.3862943611198906,2.1853768920885046,35.5256233599999,33.89100363,5.079473742363667,-0.0156274398299077
370,1.6094379124341005,1.6094379124341005,2.7556332878403675,35.52674932,33.89421835,4.427679588507718,0.8457654036941855
238,0.6931471805599453,0.6931471805599453,6.86484777797086,35.51629699,33.88447956,4.790037503398601,-0.4228999466420856
962,1.0986122886681098,1.0986122886681098,4.809294003465038,35.5273253299999,33.8975477099999,5.657011602826505,-1.1924218391670918
1422,0.6931471805599453,0.6931471805599453,2.2421979429789505,35.52744039,33.89602223,3.709709660419429,-0.0156274398299077
633,1.3862943611198906,1.3862943611198906,2.449538505950209,35.51088311,33.8803414599999,5.1181133037863535,0.624445878085537
794,0.6931471805599453,0.6931471805599453,1.7674667766590104,35.5300224699999,33.88974031,3.942311872843169,-1.1924218391670918
1554,1.3862943611198906,1.9459101490553128,3.3222984640557383,35.47438599,33.8966884399999,4.8089693925148005,-0.0156274398299077
497,1.6094379124341005,1.791759469228055,5.327876168789581,35.5234503499999,33.8921901399999,5.616670200445705,0.0259458763069378
1628,1.3862943611198906,1.3862943611198906,2.862486554406624,35.5204963099999,33.87556749,4.848002798997203,-0.0156274398299077
1081,1.791759469228055,2.3978952727983707,3.1216157452442426,35.5084532999999,33.87979577,5.464121643387053,0.624445878085537
856,1.0986122886681098,1.0986122886681098,2.7550610053715645,35.53104445,33.89016137,4.720688437934636,-1.1924218391670918
1203,1.791759469228055,2.70805020110221,4.039571536374809,35.52687978,33.88790757,5.3360391161145975,-0.0156274398299077
1026,0.6931471805599453,0.6931471805599453,1.8629942701565048,35.5278969,33.8962167899999,4.434739612730882,0.8457654036941855
519,0.6931471805599453,0.6931471805599453,2.208604029523152,35.5310854499999,33.88874732,4.071817273288019,-1.1924218391670918
527,1.3862943611198906,1.3862943611198906,3.651177586929925,35.5267834599999,33.8978346099999,5.014978200843436,-0.0156274398299077
539,1.791759469228055,2.19722457733622,3.0090926252558226,35.5124430799999,33.89513526,5.691334618588688,0.4071381378692232
1431,1.0986122886681098,0.6931471805599453,3.907974822581577,35.52817186,33.89528138,5.272259280317715,0.4502809745579276
1734,1.0986122886681098,1.6094379124341005,4.0194952897321405,35.5306986599999,33.90127683,5.244614586384921,-0.4228999466420856
887,0.6931471805599453,0.6931471805599453,2.0924811551876394,35.5308895599999,33.89132612,4.572810114745227,-1.1924218391670918
495,1.6094379124341005,1.6094379124341005,4.109331692030348,35.5281852199999,33.8915484699999,5.471231723077736,-0.4228999466420856
611,2.079441541679836,2.079441541679836,4.067760996239079,35.47709416,33.89465358,5.228024232793516,-0.0156274398299077
817,1.0986122886681098,1.0986122886681098,3.298352218369979,35.52998644,33.8886911,4.639741657106958,-1.1924218391670918
1106,2.4849066497880004,3.1354942159291497,5.086534042804462,35.50747475,33.8838988199999,5.931417655108377,2.5112792420117174
614,1.9459101490553128,1.9459101490553128,1.8169397677583528,35.4765823999999,33.89599342,5.328150887919752,0.4071381378692232
559,1.9459101490553128,2.5649493574615367,4.784746310863706,35.4808739699999,33.8956538099999,6.286185200977287,1.300626634375449
368,1.791759469228055,2.4849066497880004,3.219515620155536,35.5263637899999,33.8930660899999,5.017358246767267,0.8457654036941855
1301,1.3862943611198906,2.079441541679836,3.045474365448805,35.52586026,33.8948466,5.32279558672873,-0.7378083074817396
1003,1.0986122886681098,0.6931471805599453,2.317178095296946,35.51882418,33.89158907,5.061630793309885,-1.1924218391670918
1010,1.0986122886681098,1.0986122886681098,3.080441001480945,35.5287284099999,33.88826668,4.219782579768152,-1.1924218391670918
1358,1.6094379124341005,2.19722457733622,3.5630894480556337,35.52836671,33.90131594,5.088022424807525,-0.4228999466420856
892,1.0986122886681098,1.791759469228055,1.2530486419725286,35.5306775399999,33.89106032,4.8630215545651785,-1.1924218391670918
1311,1.0986122886681098,2.302585092994046,3.29379775138546,35.5250209,33.89640526,5.304633989846407,-0.8150443270305894
1623,1.3862943611198906,2.19722457733622,2.6194375427456063,35.52013457,33.87585584,5.429740641273292,-0.0156274398299077
941,1.6094379124341005,1.3862943611198906,3.61585166758038,35.5138902899999,33.8926517399999,5.374579745672056,-0.0156274398299077
676,2.833213344056216,3.332204510175204,6.241709514830865,35.5119620199999,33.88979006,6.399216420106812,2.2605583165504184
1641,2.079441541679836,2.079441541679836,4.029628247502409,35.52786815,33.88523614,5.582583480991676,0.4071381378692232
1536,1.791759469228055,2.3978952727983707,2.704242962759256,35.5072760899999,33.8893683599999,6.120494241654816,0.8457654036941855
884,1.791759469228055,1.791759469228055,3.903446330677287,35.53116867,33.8881772299999,5.175068604580197,-0.0156274398299077
23,1.0986122886681098,1.0986122886681098,4.578230550732139,35.5278799,33.89304735,4.872629639949637,0.4071381378692232
903,1.0986122886681098,0.6931471805599453,1.625114391819108,35.5319929899999,33.89016834,4.538531675993653,-1.1924218391670918
1137,1.3862943611198906,1.3862943611198906,2.2473894575260944,35.52685712,33.8846169799999,4.747978250193715,-0.4228999466420856
1409,1.9459101490553128,1.9459101490553128,3.858453438085388,35.5290192399999,33.89429271,4.958878018654556,1.116710088767275
243,0.6931471805599453,1.0986122886681098,3.00617753141553,35.51854363,33.88406974,4.643628138332526,-0.4228999466420856
338,1.6094379124341005,1.6094379124341005,2.6448263709351747,35.53096098,33.8919838799999,4.019463790216762,-0.0156274398299077
454,1.3862943611198906,1.0986122886681098,5.452715158697669,35.53156639,33.89331578,5.882468085706192,0.8457654036941855
1726,1.3862943611198906,1.0986122886681098,4.3924347815054,35.5182184499999,33.8945392799999,5.702046777328055,-0.8150443270305894
580,1.6094379124341005,1.6094379124341005,4.235583673914825,35.4825183199999,33.8957656799999,5.108935397100859,-0.4228999466420856
638,1.6094379124341005,1.791759469228055,3.116931688955836,35.51044662,33.8806338899999,5.16528166964037,-0.0156274398299077
1573,1.3862943611198906,1.9459101490553128,3.096979340570275,35.4754576599999,33.89800859,5.604320033889323,-1.5553900411763233
417,1.3862943611198906,1.3862943611198906,3.157298249135381,35.5286718899999,33.89298892,4.455573662061786,0.8457654036941855
935,1.9459101490553128,2.079441541679836,4.218080216210129,35.51870214,33.8937911299999,5.50084004920501,-0.0156274398299077
1636,2.302585092994046,2.19722457733622,4.309469382608932,35.5274464399999,33.8860884899999,5.612989636684795,2.1614887077842706
467,1.6094379124341005,1.6094379124341005,2.7127723674375392,35.52734592,33.8933280199999,4.209888880443286,0.4071381378692232
1517,1.0986122886681098,1.0986122886681098,5.375278407684165,35.5291301899999,33.8892338,4.243104137227407,-1.1924218391670918
879,1.3862943611198906,1.3862943611198906,3.232620926659872,35.5308775,33.8882599499999,4.746627892481336,-1.1924218391670918
999,1.0986122886681098,1.0986122886681098,2.1825620503943157,35.5129831499999,33.89337475,6.0489394596031945,-0.0156274398299077
127,1.6094379124341005,2.772588722239781,3.9904829226880105,35.47139913,33.8950271,5.822457866021069,-0.0156274398299077
1337,1.6094379124341005,1.9459101490553128,2.0820631023847875,35.5256346199999,33.8977611999999,5.157362628443806,0.4071381378692232
610,2.19722457733622,2.833213344056216,4.96591682929687,35.47704817,33.89448101,5.755561198663557,0.4071381378692232
1129,2.079441541679836,2.70805020110221,3.735381287765356,35.5265467799999,33.88424543,5.112014829472851,-0.0156274398299077
640,2.079441541679836,2.5649493574615367,4.671603785330118,35.5107313199999,33.8798522299999,6.327315388528179,0.8457654036941855
1159,2.4849066497880004,2.3978952727983707,5.971289900621244,35.52352312,33.88286884,5.272083664404303,0.8457654036941855
893,1.0986122886681098,1.0986122886681098,1.9921119322414496,35.53006036,33.89135017,4.87245434681613,-1.1924218391670918
718,0.6931471805599453,1.6094379124341005,3.1938451551429545,35.52049654,33.8861022199999,5.769496382037892,-0.8150443270305894
783,1.3862943611198906,1.3862943611198906,3.294762214699334,35.53102484,33.8910813899999,4.946734335510696,-0.0156274398299077
1326,0.6931471805599453,0.6931471805599453,1.953311264535624,35.5247350499999,33.89604998,5.212637856428013,-0.2211774318299915
651,2.079441541679836,2.3978952727983707,2.1492007860946885,35.51584039,33.8905293099999,6.105535494499777,1.300626634375449
772,1.0986122886681098,1.0986122886681098,2.611539300721359,35.5198141199999,33.8758415699999,4.911151988392569,-0.4228999466420856
261,2.079441541679836,2.5649493574615367,4.292635154757843,35.5176412699999,33.88665841,5.835583438352641,0.8457654036941855
1718,1.6094379124341005,1.6094379124341005,0.8051356825079926,35.5155419299999,33.8945157699999,4.722861051414698,0.4071381378692232
1315,1.3862943611198906,1.6094379124341005,3.07675911219636,35.52653249,33.89668459,5.041752788324694,-0.0156274398299077
233,1.6094379124341005,2.19722457733622,3.669492740313744,35.51520604,33.88416989,4.985631337279467,-0.0156274398299077
1016,0.6931471805599453,0.6931471805599453,2.632104644187406,35.5282291799999,33.8947180099999,4.925013977630134,-0.0156274398299077
1385,0.6931471805599453,2.079441541679836,2.5644107509006,35.5338886199999,33.89653305,4.733438412101407,-0.0156274398299077
189,2.302585092994046,2.70805020110221,4.209041358856914,35.49001152,33.8894179999999,5.454710853467835,1.300626634375449
1653,2.19722457733622,2.833213344056216,4.318034630835188,35.5300015999999,33.8870384299999,5.720048053169869,0.8457654036941855
1579,2.079441541679836,2.833213344056216,4.719765925385774,35.50759576,33.8857882,5.762876070663072,1.77209775307598
1243,0.6931471805599453,0.6931471805599453,0.7948008342864451,35.5292725799999,33.8882969399999,3.371159501217736,-1.1924218391670918
414,1.3862943611198906,1.3862943611198906,2.9264357845513347,35.52855075,33.89258523,4.95472216244343,1.300626634375449
860,1.0986122886681098,1.0986122886681098,0.9790777199729198,35.5311335099999,33.89005508,4.548678256311399,-1.1924218391670918
453,1.3862943611198906,1.0986122886681098,4.487759580970806,35.53175575,33.89326854,5.882468085706192,1.300626634375449
119,2.302585092994046,2.9444389791664403,4.46874317653724,35.47585432,33.89473505,5.269670635432134,1.300626634375449
1547,1.3862943611198906,1.9459101490553128,3.849083205654272,35.4743579399999,33.89837449,5.9686176127612045,-0.0156274398299077
114,1.791759469228055,1.791759469228055,5.428064106400685,35.4867793499999,33.89544672,5.557444741100576,-0.0156274398299077
949,2.079441541679836,2.70805020110221,5.010808612409103,35.51988481,33.8933492099999,5.8242943174657,0.4071381378692232
1407,1.0986122886681098,1.3862943611198906,1.6253112615903906,35.5344405199999,33.89711939,4.21109310356927,-0.4228999466420856
34,1.791759469228055,2.3978952727983707,1.9518922207328608,35.4935423399999,33.9016950199999,6.696462190773135,0.8457654036941855
207,2.70805020110221,3.218875824868201,5.057226216308121,35.48979611,33.89281442,5.856802310157108,1.77209775307598
1633,1.9459101490553128,2.6390573296152584,4.092810052130149,35.52763414,33.8858275699999,5.533863240457821,0.8457654036941855
326,1.0986122886681098,1.3862943611198906,2.268614573422892,35.5253497799999,33.8911122499999,5.751472230388765,-1.9043027771337224
957,2.079441541679836,2.4849066497880004,4.143134726391533,35.51991685,33.89181767,5.77086322036017,0.4071381378692232
826,1.3862943611198906,1.3862943611198906,2.437465575187864,35.53021214,33.88873719,4.821174779538414,-1.1924218391670918
1600,2.079441541679836,2.70805020110221,4.583313049632781,35.5153120599999,33.87391471,5.557262617953545,0.8457654036941855
177,1.3862943611198906,1.3862943611198906,3.0906787508629447,35.4893682599999,33.89108085,4.945500036639415,-0.8150443270305894
228,0.6931471805599453,1.6094379124341005,2.7741500028067336,35.51693428,33.8852738,4.641291421507848,-0.4228999466420856
1162,2.302585092994046,2.9444389791664403,4.577665372865901,35.52503894,33.88353729,5.799179901284714,0.4071381378692232
1028,0.6931471805599453,0.6931471805599453,3.3285191561641665,35.5281554299999,33.89540986,4.913562067262137,0.4071381378692232
1519,0.6931471805599453,1.0986122886681098,2.2144094020903204,35.47581326,33.9001166299999,5.130497009205208,-4.421873160666376
1394,1.0986122886681098,1.3862943611198906,2.1179408408304456,35.5345342099999,33.89675072,4.280655544537424,-0.8150443270305894
1321,1.791759469228055,1.9459101490553128,3.817558467967525,35.5266749999999,33.89644011,5.289814544500375,-0.0983096556675634
36,2.4849066497880004,3.1354942159291497,4.765058658866337,35.4908375699999,33.89993323,5.580649356989863,1.300626634375449
573,2.3978952727983707,2.3978952727983707,4.505592915085993,35.48328123,33.89639076,5.581737365721634,1.77209775307598
1381,0.6931471805599453,0.6931471805599453,6.159095388491933,35.53365058,33.89748196,4.208911186702726,-1.1924218391670918
1577,1.3862943611198906,1.3862943611198906,1.9451956081174444,35.50778495,33.8854036199999,4.949007679349704,0.4071381378692232
1553,2.4849066497880004,3.80666248977032,5.833570201834992,35.4751643199999,33.8962755,6.374983575555076,1.300626634375449
692,1.9459101490553128,1.0986122886681098,3.3771095861330656,35.5127068999999,33.8913397,5.367789210054236,0.4071381378692232
441,1.6094379124341005,1.6094379124341005,3.295985003179624,35.53046848,33.8926077699999,5.307293405066194,0.8905148241478935
598,1.3862943611198906,2.19722457733622,2.8929240535723038,35.4810973499999,33.8970124499999,5.594405219334359,-1.1924218391670918
121,2.19722457733622,2.19722457733622,3.5602218794055247,35.4763720899999,33.89418887,5.843068131370277,1.300626634375449
162,2.19722457733622,2.19722457733622,3.6880040710779824,35.48911135,33.8918682099999,4.987148407386364,0.8457654036941855
1296,1.0986122886681098,1.791759469228055,3.014848390746216,35.5267993499999,33.89607171,4.737104008645745,-0.2211774318299915
190,2.302585092994046,2.833213344056216,4.469751298880355,35.49031402,33.88922582,5.658745280240547,1.300626634375449
1568,2.19722457733622,2.833213344056216,3.986072404437924,35.4755957,33.89708705,4.953418887758304,1.300626634375449
61,1.6094379124341005,2.19722457733622,3.7160567821187263,35.49079427,33.9008829799999,5.538591138163559,-0.0156274398299077
568,1.9459101490553128,2.5649493574615367,5.319462229897144,35.4822502199999,33.8965703,5.716696464244039,0.4071381378692232
1252,1.3862943611198906,1.3862943611198906,2.661796816584741,35.5295565999999,33.8882684,4.4050061622667975,-1.1924218391670918
778,1.3862943611198906,1.3862943611198906,3.174923937339018,35.5172405699999,33.8775554699999,5.492365708686069,-0.4228999466420856
396,1.0986122886681098,1.0986122886681098,1.9061292790434687,35.53006234,33.89422519,4.965408511349396,0.4071381378692232
709,1.6094379124341005,2.19722457733622,2.537182794353371,35.5218622599999,33.88565853,5.223483259736191,-0.0156274398299077
831,1.6094379124341005,1.6094379124341005,3.025970456614601,35.53055682,33.8887464399999,4.34375172235345,-1.1924218391670918
426,1.0986122886681098,1.0986122886681098,2.9852778156501323,35.5277521699999,33.8927701499999,4.7027768719024845,1.347020067034553
390,1.3862943611198906,1.3862943611198906,3.964178927645303,35.5286625999999,33.8935243999999,5.576151477140799,1.116710088767275
1086,1.6094379124341005,1.6094379124341005,2.768455190958168,35.5095522,33.8799449799999,4.806910760194002,-0.0156274398299077
258,1.0986122886681098,1.3862943611198906,4.394449154672439,35.5162126099999,33.88704886,5.028325979315189,-0.4228999466420856
888,1.791759469228055,1.791759469228055,3.018764972664564,35.53057725,33.8914572799999,4.662858393604197,-1.1924218391670918
1024,0.6931471805599453,0.6931471805599453,3.561756057784744,35.53474491,33.89670692,4.331689232834654,-0.0156274398299077
167,2.4849066497880004,3.091042453358316,4.992355906081839,35.4913633199999,33.89185169,6.074836704686767,1.300626634375449
332,2.079441541679836,2.70805020110221,4.032238635481722,35.52582599,33.8897612499999,5.458826159230579,0.4071381378692232
1404,1.0986122886681098,1.6094379124341005,2.421256622711544,35.5348472,33.89728155,4.256255919929842,-0.8150443270305894
715,0.6931471805599453,1.791759469228055,3.380552399684867,35.52362989,33.88577129,5.234500922484717,-0.4228999466420856
710,1.3862943611198906,2.3978952727983707,3.5302939549965653,35.5220783999999,33.8848300399999,5.465577622250335,-0.0156274398299077
1389,1.3862943611198906,1.9459101490553128,3.0914060236222687,35.5343074099999,33.89671898,4.154334610130468,-0.0156274398299077
1262,1.6094379124341005,1.6094379124341005,0.8346467428336448,35.5298100799999,33.88869983,4.299117206413899,-1.1924218391670918
1499,1.0986122886681098,0.6931471805599453,2.853131304954963,35.5344509299999,33.8949425599999,5.23137503298832,-1.1924218391670918
576,1.6094379124341005,2.19722457733622,3.856975303643909,35.4845577299999,33.89660743,5.593451504310744,-0.4228999466420856
468,1.6094379124341005,2.19722457733622,3.4611943555684515,35.52758312,33.89351896,5.314026525464036,0.8905148241478935
1312,0.6931471805599453,1.3862943611198906,1.5234441992671244,35.5248233599999,33.8962632599999,4.8266058411656365,-0.4228999466420856
827,1.0986122886681098,1.0986122886681098,1.6555578480476534,35.53037864,33.88865036,4.086706966310365,-1.1924218391670918
628,2.19722457733622,2.079441541679836,3.8018062729691446,35.48748771,33.88873026,4.777434162297925,0.8457654036941855
770,1.791759469228055,2.5649493574615367,4.106091957255734,35.5212107899999,33.8884528099999,5.5998686285301735,0.4071381378692232
639,2.19722457733622,2.079441541679836,3.42965525447864,35.5101600699999,33.88058865,4.552664981034555,2.460785296906284
108,1.9459101490553128,2.5649493574615367,4.058320069044732,35.48839609,33.89771358,5.746010955856582,-0.0156274398299077
1278,1.9459101490553128,2.5649493574615367,3.768983698355596,35.52932003,33.88781833,5.509755229427943,-0.0156274398299077
997,2.3978952727983707,2.5649493574615367,3.301855753144375,35.5196131,33.8911554199999,5.505042716992412,1.300626634375449
105,1.6094379124341005,2.19722457733622,4.028258177094239,35.48708821,33.89708437,5.54204633156785,-1.1924218391670918
1274,1.791759469228055,1.791759469228055,2.9541287236989104,35.52951249,33.88789392,4.817230267885406,-0.0156274398299077
10,3.367295829986474,4.727387818712341,1.3161401011966838,35.5284927599999,33.87786382,6.168309954440534,2.9215868500403963
220,1.6094379124341005,1.6094379124341005,2.590392157633977,35.51794882,33.8857256599999,5.07578416399562,-0.4228999466420856
309,2.19722457733622,2.8903717578961645,4.768597702595559,35.52675724,33.8912375999999,5.852998676383861,0.4071381378692232
1194,1.6094379124341005,2.302585092994046,3.453062179377231,35.52574382,33.88819585,5.660268104544072,-0.4228999466420856
882,1.3862943611198906,2.19722457733622,2.495269436823547,35.5307131699999,33.8879445899999,5.338469985558479,-0.4228999466420856
822,1.0986122886681098,1.0986122886681098,2.595553169875064,35.53011231,33.88868136,4.140884081223618,-1.1924218391670918
938,2.302585092994046,1.3862943611198906,3.325898957611927,35.51298673,33.8930950399999,5.950886242702775,-0.0156274398299077
1608,1.9459101490553128,2.5649493574615367,4.891634016684621,35.51494636,33.8761954,6.325428903354789,-0.0156274398299077
1452,1.9459101490553128,2.3978952727983707,3.4983543399692936,35.52707388,33.8951010199999,5.048617549375791,1.071143363541828
1284,1.9459101490553128,2.833213344056216,4.305577462510474,35.5305140099999,33.88769939,5.314767193155915,-0.0156274398299077
1260,1.3862943611198906,1.3862943611198906,1.4847813078345449,35.5294799799999,33.8883724399999,4.9607714850373545,-1.1924218391670918
223,1.6094379124341005,1.6094379124341005,2.6374131215027696,35.51851776,33.88577043,5.123451658862118,0.4071381378692232
868,0.6931471805599453,0.6931471805599453,2.0815642870608144,35.5309619,33.8886182999999,4.040478309834465,-1.1924218391670918
143,2.3978952727983707,3.044522437723423,4.564296106778119,35.4719701699999,33.89652963,5.625778683987698,1.77209775307598
455,0.6931471805599453,0.6931471805599453,3.6874284018466215,35.53202504,33.89360389,5.551554312927266,0.8457654036941855
361,1.9459101490553128,2.079441541679836,3.947756877379257,35.52479445,33.8940743699999,5.215490980031437,-0.5815527607910175
1562,2.3978952727983707,2.3978952727983707,4.114490267915056,35.4747605,33.8969694,5.506235348492663,0.4071381378692232
1644,1.3862943611198906,1.3862943611198906,3.033654066552548,35.52801376,33.88623487,5.601308899875202,-1.1924218391670918
138,1.3862943611198906,1.9459101490553128,3.331096753982666,35.4731471699999,33.8959376099999,5.440923512178824,-0.8150443270305894
581,1.791759469228055,2.3978952727983707,3.2713164608076357,35.4817939699999,33.8947875599999,5.0180693919216575,-0.4228999466420856
1505,0.6931471805599453,1.791759469228055,2.920469789053444,35.53446625,33.89719842,4.2179307777985455,-0.0156274398299077
1655,2.19722457733622,2.19722457733622,4.517049102592911,35.52863776,33.8872612199999,5.63379028894607,0.4071381378692232
205,2.6390573296152584,3.610917912644224,4.918169066423662,35.49127446,33.89267796,5.336194312182707,0.8457654036941855
696,2.302585092994046,2.302585092994046,4.907501926132422,35.5163647899999,33.89067739,6.158886385517024,0.6683873508978188
742,1.9459101490553128,2.3978952727983707,4.708881342200126,35.5248457599999,33.8868389499999,6.112841185432724,0.4071381378692232
834,1.3862943611198906,1.3862943611198906,3.2003044392827613,35.53045429,33.88907194,4.387669733523928,-1.1924218391670918
450,1.0986122886681098,1.6094379124341005,3.4657359027997265,35.53190516,33.8936095899999,4.714815802957328,1.300626634375449
655,1.6094379124341005,1.6094379124341005,2.464448807885604,35.51523986,33.89044484,5.101101095935782,-0.4228999466420856
529,0.6931471805599453,0.6931471805599453,3.167961406066651,35.52882155,33.8971046799999,5.4210132693519375,-8.152543360797848
179,1.791759469228055,1.791759469228055,2.7790676883374843,35.4895125899999,33.89109045,4.49232273090101,-0.0156274398299077
1627,1.0986122886681098,1.6094379124341005,2.977873755252678,35.52046278,33.87576398,5.722561506165409,-0.0156274398299077
641,2.302585092994046,2.5649493574615367,2.123936781566387,35.5108998899999,33.8801302299999,4.503912304312226,2.5112792420117174
1427,0.6931471805599453,0.6931471805599453,2.61454505790535,35.52768863,33.8959437099999,4.453586179098248,0.4935827957420546
1310,0.6931471805599453,2.302585092994046,3.663330850267561,35.52513744,33.89626839,4.990468388872521,-0.4228999466420856
77,2.772588722239781,3.332204510175204,4.896077053195487,35.4904203899999,33.89691261,5.37609701270692,1.77209775307598
324,1.6094379124341005,2.19722457733622,3.6419450669247193,35.52579317,33.8902122599999,4.728440938411855,-0.0156274398299077
1328,1.3862943611198906,1.9459101490553128,3.325000048826586,35.52511958,33.8985011199999,5.353835504946167,0.4071381378692232
1560,1.6094379124341005,2.19722457733622,1.9255616585171844,35.47434158,33.8970768599999,5.595595457299626,-1.1924218391670918
1415,1.3862943611198906,1.3862943611198906,2.3375660618892917,35.52872458,33.8947825699999,4.798411719251509,0.4071381378692232
682,1.791759469228055,1.6094379124341005,4.400173480154918,35.5112758699999,33.8902531299999,5.841894449182744,-0.1803750917568693
343,1.0986122886681098,1.6094379124341005,2.2630123178742223,35.53034515,33.8917076999999,4.48150652378929,-1.1924218391670918
1040,2.079441541679836,1.9459101490553128,3.491495019642936,35.50910513,33.8836350799999,5.251218899347047,-0.0156274398299077
400,0.6931471805599453,0.6931471805599453,3.1957300153608883,35.5292851299999,33.89314624,5.089910621975366,0.4071381378692232
148,2.4849066497880004,2.4849066497880004,3.468949483712974,35.47255013,33.89739223,5.346435427373271,1.300626634375449
477,0.6931471805599453,0.6931471805599453,1.2270055034365086,35.5327987699999,33.8935770499999,4.746827533321754,-1.1924218391670918
963,1.6094379124341005,2.5649493574615367,4.143341054310811,35.52733225,33.8977497099999,5.695970125100043,-0.4228999466420856
1153,1.3862943611198906,1.3862943611198906,3.013965041815046,35.5240781299999,33.88134789,4.939960303153584,-0.0156274398299077
1006,1.3862943611198906,1.6094379124341005,3.119541559280273,35.50871454,33.8797688399999,5.343554916612209,0.4071381378692232
463,0.6931471805599453,0.6931471805599453,2.951257783452156,35.52739932,33.89352824,4.500819936271954,0.4071381378692232
1342,0.6931471805599453,1.3862943611198906,1.608837732362068,35.52725564,33.89850656,4.3405654261329385,-0.4228999466420856
1150,2.079441541679836,2.70805020110221,4.499487396183308,35.5276546999999,33.88314941,5.360204594499413,1.300626634375449
1723,1.791759469228055,1.791759469228055,2.8892044101441523,35.51605387,33.8946823599999,4.899696614168095,-0.0156274398299077
1234,1.6094379124341005,1.6094379124341005,2.7272644200260143,35.52896999,33.8880448299999,4.571972169600308,-1.1924218391670918
522,1.0986122886681098,1.6094379124341005,4.879227359623526,35.4877564,33.8911034699999,5.478902590938965,-1.1924218391670918
864,1.0986122886681098,1.0986122886681098,2.1544330519701878,35.53110645,33.8892104,4.238105379247087,-1.1924218391670918
923,1.9459101490553128,2.5649493574615367,4.596058803119629,35.5133255499999,33.89181107,6.314801879548081,0.4071381378692232
1285,1.791759469228055,2.3978952727983707,3.963248297503592,35.53066263,33.8877551499999,5.034217765589256,-0.0156274398299077
972,1.3862943611198906,1.3862943611198906,2.7673877204477173,35.5276380999999,33.8968069499999,4.67096039245002,-0.0156274398299077
71,1.6094379124341005,1.6094379124341005,2.348609531305325,35.4837494,33.90178117,4.648576686660376,-0.4228999466420856
1424,0.6931471805599453,0.6931471805599453,2.8075334795871605,35.52767663,33.89567248,5.301628760212271,0.4071381378692232
285,1.0986122886681098,1.9459101490553128,3.05074115658479,35.5240007399999,33.8897247299999,4.892597985450228,-0.4228999466420856
1265,0.6931471805599453,0.6931471805599453,1.829055253971752,35.52980509,33.88859592,3.9338756811149023,-1.1924218391670918
186,0.6931471805599453,0.6931471805599453,1.820346926079968,35.4885861599999,33.8914980099999,4.782857355228049,-0.8150443270305894
1680,0.6931471805599453,0.6931471805599453,1.7945887962382148,35.5287019599999,33.88880548,4.138668076165806,-1.1924218391670918
877,1.0986122886681098,1.0986122886681098,2.88942686718306,35.53113682,33.88845748,4.65310409120576,-0.4228999466420856
1021,1.6094379124341005,1.6094379124341005,2.2281847704177946,35.5324993899999,33.89682021,5.222605056745705,1.300626634375449
53,0.6931471805599453,0.6931471805599453,3.54214702423921,35.4875081799999,33.89984254,5.136134634482512,-0.0156274398299077
299,1.6094379124341005,2.19722457733622,3.2278752086649973,35.53183941,33.8921147499999,4.340498018289567,-0.0156274398299077
1580,1.9459101490553128,2.5649493574615367,4.207822045981873,35.50896333,33.88439463,5.0466727233964805,1.300626634375449
1240,1.6094379124341005,1.6094379124341005,2.48014533268629,35.5292607399999,33.88811204,4.117006690213798,-1.1924218391670918
466,1.6094379124341005,1.6094379124341005,3.639452837451575,35.5275154699999,33.89341597,4.856839009853463,0.8457654036941855
1056,2.302585092994046,2.9444389791664403,3.228390417236786,35.50833089,33.88135032,4.343828346258449,2.2605583165504184
1521,1.0986122886681098,1.0986122886681098,1.0177637008047888,35.53254553,33.90220278,4.5961708032484365,-0.4228999466420856
1143,2.5649493574615367,2.3978952727983707,4.157554075619983,35.52776793,33.88481669,5.5495864421544105,1.77209775307598
1253,1.3862943611198906,1.3862943611198906,2.0876576964511764,35.5294841999999,33.8885115699999,4.0850212109586606,-1.1924218391670918
806,1.0986122886681098,1.0986122886681098,2.683005859995949,35.5292950999999,33.8893696399999,4.719720077212364,-1.1924218391670918
344,1.6094379124341005,2.3978952727983707,2.509111338484818,35.5299616,33.8919015,4.698669374336857,-0.0156274398299077
592,1.6094379124341005,1.6094379124341005,1.432462041964898,35.4845005099999,33.89739406,4.666727158263668,-0.0156274398299077
115,1.791759469228055,2.3978952727983707,2.97598864451738,35.48593634,33.89493152,5.252794270447502,1.77209775307598
773,1.3862943611198906,1.791759469228055,3.5274481682114813,35.5202038199999,33.87622865,5.376641095155568,0.4071381378692232
805,1.3862943611198906,1.3862943611198906,1.5422291627406504,35.5295625799999,33.8895461299999,4.740948808153554,-1.1924218391670918
1114,1.791759469228055,1.791759469228055,3.87324059620566,35.5239382,33.8839934,5.234456873833235,-0.0156274398299077
1189,1.0986122886681098,1.3862943611198906,1.838165842042211,35.5217408,33.88072394,4.980301713867879,-0.0156274398299077
970,1.9459101490553128,2.19722457733622,2.7419361971013405,35.5279819599999,33.89673607,4.861646942133634,1.300626634375449
1755,1.3862943611198906,1.3862943611198906,3.241419789303096,35.51549121,33.8948855399999,5.462138911325777,-0.8150443270305894
268,1.6094379124341005,2.3978952727983707,3.846182303487713,35.51866922,33.8865626799999,5.258194715320864,0.4071381378692232
1691,0.6931471805599453,0.6931471805599453,1.413423028508143,35.52917105,33.8888747,4.133861749334494,-1.1924218391670918
1671,1.0986122886681098,1.0986122886681098,2.401615616457,35.52811556,33.88924944,4.4929889421509,-1.1924218391670918
766,2.079441541679836,2.70805020110221,4.3828637841664415,35.5191433299999,33.89047593,5.711835926009395,0.8457654036941855
1529,1.0986122886681098,1.0986122886681098,2.331658340479753,35.52879836,33.88885951,4.160490690990793,-1.1924218391670918
1637,2.302585092994046,2.19722457733622,4.2511631086976855,35.52854958,33.88560797,5.837314897758523,0.7567531987867807
1013,1.0986122886681098,1.6094379124341005,4.089985073444646,35.52090492,33.88314402,5.088533287982196,-0.4228999466420856
406,1.0986122886681098,1.0986122886681098,3.544402664293332,35.52892938,33.8923302199999,4.967706268587498,0.8457654036941855
275,2.079441541679836,3.091042453358316,4.288773088547928,35.52382721,33.88959847,5.47571461647822,0.8457654036941855
1507,1.3862943611198906,1.3862943611198906,4.2162671661789055,35.5277637399999,33.8964266799999,5.95705206552122,0.8457654036941855
920,1.0986122886681098,1.0986122886681098,2.64652934445396,35.5318567799999,33.8910918999999,4.9564918879328665,-0.8150443270305894
38,2.5649493574615367,2.5649493574615367,5.522152678540647,35.49161378,33.8997987999999,5.680913493613732,1.77209775307598
360,1.791759469228055,1.791759469228055,3.5891696099649244,35.52351925,33.8923612099999,5.169681381575576,0.9805021724825438
520,1.0986122886681098,1.0986122886681098,1.698181122268489,35.5308703899999,33.8886183899999,4.031221591228957,-1.1924218391670918
681,1.6094379124341005,1.6094379124341005,3.548438531283709,35.51218182,33.89031417,5.340234241998556,-0.1394192882020277
547,1.3862943611198906,1.9459101490553128,5.152516727892188,35.4804172999999,33.8960748499999,5.888443846092092,-0.0156274398299077
429,1.6094379124341005,1.791759469228055,3.56402459696831,35.5275016699999,33.89269661,5.529520499333236,0.4071381378692232
375,2.19722457733622,2.833213344056216,4.2855983300008615,35.5263647199999,33.8935304999999,5.649477082921333,0.8457654036941855
1746,0.6931471805599453,0.6931471805599453,2.679719311334148,35.52984721,33.9007689099999,5.543091136295888,-1.1924218391670918
85,2.3978952727983707,2.3978952727983707,3.8605823317597503,35.49096128,33.89714104,4.90046116167816,1.300626634375449
1115,2.3978952727983707,2.5649493574615367,4.521560290123997,35.52377972,33.88399855,5.444636664514078,2.5112792420117174
235,1.791759469228055,2.3978952727983707,3.922923379896434,35.51543865,33.8839433799999,5.248978407040231,-0.0156274398299077
883,1.791759469228055,1.791759469228055,3.585710978624069,35.53103069,33.8881087099999,5.213870371977421,-0.0156274398299077
1292,1.6094379124341005,1.6094379124341005,3.3057505258514204,35.5238135099999,33.8952808399999,5.558548295804045,-0.1394192882020277
1585,1.3862943611198906,2.19722457733622,3.178012162813195,35.5076157,33.88505518,4.964199689018692,-0.4228999466420856
852,1.3862943611198906,1.3862943611198906,2.76983493404316,35.5307774899999,33.8894311199999,4.336058274787543,-1.1924218391670918
1429,1.3862943611198906,1.3862943611198906,3.236086861598555,35.5284234299999,33.8960011499999,4.792841490927139,1.2083376791433131
1416,1.791759469228055,2.3978952727983707,2.7673877204477173,35.5275330099999,33.89670512,4.796725262364947,0.4071381378692232
1079,1.0986122886681098,1.0986122886681098,2.843105432095075,35.5086307899999,33.88016625,4.658394909652696,-0.4228999466420856
1048,1.6094379124341005,2.19722457733622,3.651566919229954,35.50901281,33.8822862199999,5.364593587465127,-0.0156274398299077
1384,1.0986122886681098,1.3862943611198906,2.1170985328569345,35.53392147,33.89663796,3.590653032260517,-0.4228999466420856
94,2.19722457733622,3.9889840465642745,5.330595768294979,35.48348241,33.8982571399999,5.721133443812013,1.77209775307598
1355,1.3862943611198906,1.9459101490553128,6.466144724237619,35.5283341,33.9008645899999,4.780471619459692,-0.4228999466420856
748,1.3862943611198906,1.3862943611198906,3.6604542590968574,35.5242555,33.8867990299999,5.697344037678593,0.4071381378692232
7,1.0986122886681098,1.0986122886681098,2.215828229067764,35.49067164,33.89625336,5.342945933509787,-1.1924218391670918
1093,2.302585092994046,2.833213344056216,4.42152375193172,35.5107292,33.8790810699999,5.998681455528912,1.300626634375449
658,1.791759469228055,2.3978952727983707,3.998897706411368,35.5145309999999,33.89049628,5.921321355584234,-0.0156274398299077
242,2.302585092994046,2.833213344056216,4.29290849456192,35.51821848,33.8841526699999,6.022264889358507,0.8457654036941855
1532,1.3862943611198906,1.3862943611198906,2.8195915758351173,35.5284730099999,33.8886698199999,4.367330983235205,-1.1924218391670918
781,1.0986122886681098,1.0986122886681098,1.526490991613174,35.5238585199999,33.88621605,5.27919296180124,-1.5553900411763233
264,2.079441541679836,2.70805020110221,4.128681574626548,35.5180919499999,33.8861984999999,5.472687206460067,0.8457654036941855
1051,1.6094379124341005,1.3862943611198906,2.4941141305389136,35.50934823,33.88145858,4.42255457364564,0.4071381378692232
1692,1.0986122886681098,1.0986122886681098,1.9119100703585168,35.52911736,33.88894588,4.102105226707658,-1.1924218391670918
1502,2.5649493574615367,3.044522437723423,4.607048420999864,35.5323817299999,33.89476088,4.7326106445834055,1.300626634375449
1126,1.3862943611198906,1.6094379124341005,3.602040789481396,35.52095862,33.8764752599999,5.242918525721121,0.4071381378692232
276,2.302585092994046,3.4339872044851463,4.778921792098971,35.52416419,33.88933114,5.370329716813917,1.300626634375449
516,1.6094379124341005,2.19722457733622,3.652241403016033,35.47660802,33.8965504399999,5.348321720062586,-0.8150443270305894
1229,0.6931471805599453,1.3862943611198906,2.567407871299744,35.5282268799999,33.8886296299999,4.237884663775668,-1.1924218391670918
1487,1.3862943611198906,1.3862943611198906,3.767644422749589,35.53023644,33.89653577,5.3831661526469095,-0.4228999466420856
64,1.9459101490553128,2.5649493574615367,3.2207540598799733,35.49135926,33.9008741,5.542082711373674,-0.0156274398299077
278,1.791759469228055,2.3978952727983707,3.36470627307974,35.5247702699999,33.8893234499999,4.97111909037527,-0.0156274398299077
1035,1.0986122886681098,1.0986122886681098,3.640712845493328,35.5095453699999,33.8829803,5.058483180874451,-0.0156274398299077
1425,1.3862943611198906,1.3862943611198906,2.536391592476509,35.52779,33.89539889,4.4062060583907305,0.4071381378692232
486,1.0986122886681098,1.0986122886681098,3.161585637640638,35.53363341,33.89324699,5.254309375501507,-0.4228999466420856
231,1.791759469228055,2.079441541679836,3.784348712173733,35.51495048,33.88447809,5.74455940881405,0.8457654036941855
1210,1.3862943611198906,1.3862943611198906,2.910827766463547,35.5280440299999,33.88792292,4.825313142785867,-0.4228999466420856
1324,1.3862943611198906,1.3862943611198906,3.23907053215372,35.52624363,33.89649206,5.393037688320308,-0.2618266735514893
667,1.3862943611198906,1.9459101490553128,3.179344663530864,35.51508204,33.8896138799999,6.015632645979714,-0.4228999466420856
1135,1.3862943611198906,1.9459101490553128,2.760073229169362,35.5263664699999,33.8845028,4.721207459550421,-0.4228999466420856
933,0.6931471805599453,0.6931471805599453,2.216482393940634,35.51361045,33.89482144,5.835966407918302,-0.8150443270305894
807,1.3862943611198906,1.6094379124341005,3.501253855728073,35.5296039799999,33.8892592999999,4.885166145766039,-1.1924218391670918
1520,2.995732273553991,2.995732273553991,3.847121751844446,35.47503356,33.8990556999999,5.361331423051522,2.2605583165504184
813,0.6931471805599453,0.6931471805599453,1.173410498743296,35.52982122,33.88933973,4.664777171270418,-1.1924218391670918
150,2.3978952727983707,2.3978952727983707,5.269825295146787,35.47075513,33.8926941599999,5.802618782798908,2.7663915025159964
585,1.3862943611198906,1.9459101490553128,3.1064235553966184,35.4827490699999,33.89498684,4.97346826728642,-0.4228999466420856
1586,1.9459101490553128,2.9444389791664403,4.474343703222805,35.50790202,33.8848556,5.458859933161161,0.624445878085537
398,1.0986122886681098,1.0986122886681098,4.382076633423924,35.52958144,33.8937415999999,5.514027967499239,0.8457654036941855
705,2.079441541679836,2.70805020110221,4.460826262351215,35.5199651499999,33.8847306199999,6.041901072150349,0.8457654036941855
740,1.0986122886681098,1.9459101490553128,2.510818031572501,35.5249084,33.88852964,5.234469158454914,-0.4228999466420856
293,1.791759469228055,2.4849066497880004,3.566090158021316,35.52165971,33.89111939,5.207878617421109,0.4071381378692232
1353,1.6094379124341005,2.19722457733622,5.043521886430469,35.53194537,33.89707647,6.105189709151444,-0.0156274398299077
717,2.19722457733622,2.19722457733622,3.4735180432417816,35.5234843499999,33.8861634399999,5.13753441694133,2.2605583165504184
1255,1.3862943611198906,1.3862943611198906,2.402520921606645,35.5296322399999,33.8883026199999,4.527856191022448,-1.1924218391670918
397,1.0986122886681098,1.0986122886681098,3.937827195109679,35.5296323999999,33.89392858,5.450348771089833,0.8457654036941855
776,1.3862943611198906,1.6094379124341005,3.2829392331575358,35.51636587,33.87797762,6.004480424149005,-0.0156274398299077
1588,1.3862943611198906,1.3862943611198906,2.6765595340108392,35.5080413,33.88510343,4.9612295798797525,-0.8150443270305894
720,1.791759469228055,2.5649493574615367,4.035408097998791,35.5198367599999,33.88623724,5.127417628471421,0.4071381378692232
1299,1.6094379124341005,2.19722457733622,3.682710464968405,35.5264500799999,33.8950473399999,4.669109176177269,-0.5421152053812623
1338,1.3862943611198906,1.9459101490553128,2.3341806545837964,35.52547449,33.89774398,5.2153089412553495,-0.0156274398299077
357,1.791759469228055,2.4849066497880004,3.819600651836944,35.5235523599999,33.89253879,5.140917414646636,0.4935827957420546
1612,2.079441541679836,2.079441541679836,4.575133569611551,35.5154344899999,33.87612069,5.908601208968412,0.2786598302733097
961,1.6094379124341005,2.19722457733622,4.1947930335189065,35.5275815099999,33.8976816099999,6.447596093245881,-0.0156274398299077
1214,1.0986122886681098,1.0986122886681098,2.6344036609339114,35.5284872399999,33.88786669,5.277104839963188,-1.1924218391670918
615,2.19722457733622,2.833213344056216,4.860664754186628,35.4769193799999,33.89679204,6.044803492339628,1.300626634375449
917,1.0986122886681098,1.0986122886681098,1.9319560997213383,35.5320805799999,33.89119755,5.3625898057342525,-0.8150443270305894
1273,1.0986122886681098,1.0986122886681098,2.329421746947605,35.5302793999999,33.88815219,5.054509477701621,-1.1924218391670918
124,2.079441541679836,2.70805020110221,4.44961518723309,35.47554626,33.8951217999999,5.945763207509724,0.4071381378692232
950,1.9459101490553128,2.4849066497880004,4.322767486423946,35.5197691899999,33.8936692999999,5.113451368878173,0.4071381378692232
349,1.0986122886681098,1.0986122886681098,1.704384389743054,35.5325619199999,33.8925369199999,4.85517539414422,-0.8150443270305894
314,2.079441541679836,2.70805020110221,4.231116531834019,35.52723189,33.89029019,5.520766347560131,-0.0156274398299077
1061,1.791759469228055,2.3978952727983707,3.083285170561848,35.50915418,33.88094084,4.746067677704715,0.1937957625052488
1118,1.6094379124341005,1.6094379124341005,3.4584594938289506,35.5209753999999,33.88297344,5.315826059213316,-0.0156274398299077
1656,2.079441541679836,2.772588722239781,4.541026253656783,35.52859393,33.88706956,5.821139673043427,0.4071381378692232
1711,2.302585092994046,2.833213344056216,5.1665729477628535,35.5173939299999,33.89292081,6.363169140228805,1.300626634375449
475,1.0986122886681098,1.0986122886681098,2.1012030334613487,35.5325849999999,33.89463594,5.021140519369675,-1.1924218391670918
1169,2.3978952727983707,2.9444389791664403,4.814231039971659,35.5247059599999,33.8817976699999,5.709504585509085,0.8457654036941855
282,2.079441541679836,2.70805020110221,4.353922898310348,35.5247426399999,33.8904090699999,5.6476677421936685,0.8457654036941855
1232,1.3862943611198906,1.3862943611198906,2.2589466359642163,35.5280524,33.88863457,4.274468819953582,-1.1924218391670918
200,1.0986122886681098,1.3862943611198906,3.2785776681142447,35.4916762499999,33.89251087,5.274401279370877,-0.8150443270305894
1128,1.3862943611198906,1.0986122886681098,3.4339872044851463,35.52639675,33.8842186099999,4.863728918124794,-0.0156274398299077
956,1.791759469228055,2.5649493574615367,4.636310261629451,35.5197625599999,33.8916161,5.755269980349179,1.0257408500278309
536,1.791759469228055,2.19722457733622,4.713432487390352,35.50868047,33.89281306,5.277884043038601,0.4071381378692232
1676,1.6094379124341005,1.6094379124341005,2.4512636853654084,35.52843579,33.88901898,4.291693626937281,-1.1924218391670918
959,1.6094379124341005,2.19722457733622,2.9617617539828376,35.5261394099999,33.89664922,5.018376980633131,0.7567531987867807
487,1.3862943611198906,1.9459101490553128,2.425422002953108,35.48780398,33.90007975,6.012550613859944,-0.0156274398299077
489,2.3978952727983707,2.3978952727983707,2.678895983671859,35.47608554,33.8942464599999,5.631093712507372,1.77209775307598
821,1.6094379124341005,1.6094379124341005,1.5312601313700764,35.52992521,33.88876595,4.971608541338367,-1.1924218391670918
237,1.9459101490553128,2.70805020110221,4.463687263575949,35.5162203399999,33.8846329699999,5.680610953551224,0.4071381378692232
1209,1.0986122886681098,1.0986122886681098,2.34199809535088,35.5281415999999,33.8881641099999,4.765527502937934,-0.4228999466420856
564,2.4849066497880004,3.1354942159291497,4.750438678579335,35.48318505,33.8976378899999,6.33343737085396,1.77209775307598
286,1.0986122886681098,1.791759469228055,2.490060015028787,35.5227631799999,33.89100818,4.715308403930297,-0.0156274398299077
594,1.9459101490553128,2.5649493574615367,4.798134902880526,35.4883263099999,33.8971092199999,6.146436640369976,0.4071381378692232
707,1.0986122886681098,1.0986122886681098,3.2173947285864024,35.5199199099999,33.8849592899999,5.154314693883701,-0.4228999466420856
986,1.6094379124341005,2.19722457733622,2.701562534966656,35.5149601999999,33.88903767,5.4459960641424905,-0.4228999466420856
741,0.6931471805599453,1.6094379124341005,2.113722188156669,35.5244547799999,33.8883958799999,4.835457381480892,-0.4228999466420856
631,2.079441541679836,2.772588722239781,4.542155836044581,35.51048017,33.88201328,5.541783196571139,-0.4228999466420856
1524,1.0986122886681098,1.0986122886681098,2.808498672399016,35.5310075399999,33.90118299,4.693926283925729,-1.1924218391670918
1018,1.6094379124341005,2.302585092994046,3.5265075726276023,35.51969495,33.88299691,4.700069428696605,-0.0156274398299077
436,1.6094379124341005,2.19722457733622,2.89662991251078,35.5271446499999,33.89300353,5.09121968133031,0.8905148241478935
812,1.3862943611198906,1.3862943611198906,2.6857364235056256,35.52986005,33.8891798499999,4.8372165097884325,-1.1924218391670918
730,1.3862943611198906,1.3862943611198906,2.191430043627883,35.52076916,33.88318593,4.5223259448932485,-0.4228999466420856
858,1.3862943611198906,1.3862943611198906,2.8527852642340523,35.53095203,33.89005899,4.330271246863925,-1.1924218391670918
