,Building's construction year,Number of floors,Number of apartments,Total electricity consumption (kWh),Longitude,Latitude
176,1940,4,8,2.47,35.53362407,33.89468552
185,1920,2,2,8.967,35.53440876,33.89450004
186,1920,1,1,1.03,35.53423103,33.89450489
189,1950,4,6,21.088,35.53406514,33.89441458
196,1940,5,10,22.724,35.53258413,33.89411828
201,1940,4,6,26.249,35.53289794,33.89395948
202,1920,2,2,7.476,35.53348105,33.89393272
206,1950,4,8,23.101,35.53384104,33.89389657
211,1900,2,2,1.346,35.53329342,33.89383261
213,1940,2,2,5.468,35.53385641,33.89375099
218,1930,2,2,10.801,35.53261731,33.89357631
219,1920,1,1,2.411,35.53279877,33.89357705
222,1920,1,1,12.912,35.53321981,33.89342903
225,1930,2,2,22.072,35.53254001,33.89332006
229,1940,2,2,22.608,35.53363341,33.89324699
230,1950,5,5,38.257,35.53314349,33.89317486
234,1920,2,2,4.425,35.53329607,33.89310945
236,1920,1,1,5.179,35.53244305,33.89299113
238,1930,2,1,5.355,35.53289129,33.89299016
242,1950,7,7,7.986,35.53239881,33.89282651
244,1930,2,1,4.635,35.53303203,33.89285833
245,1920,3,2,15.53,35.53231424,33.89275541
249,1940,5,10,59.269,35.53298241,33.89271996
252,1930,1,1,6.916,35.53261184,33.89263495
256,1930,2,2,4.498,35.53256192,33.89253692
258,1940,4,4,7.856,35.53267435,33.89251591
322,1960,2,2,5.727,35.53006234,33.89422519
323,1980,2,2,7.205,35.52996858,33.89413642
326,1970,2,2,50.307,35.5296324,33.89392858
327,1960,3,3,24,35.52985332,33.89384725
328,1970,2,1,20.569,35.53131334,33.89387938
332,1970,2,2,79.004,35.52958144,33.8937416
333,2010,6,6,23.837,35.53153151,33.89381489
343,1980,5,5,5.083,35.53105456,33.89364516
346,1976,3,3,51.677,35.5286626,33.8935244
349,1980,2,4,31,35.53190516,33.89360959
350,1940,2,1,30.173,35.52938427,33.89348231
351,1970,2,4,41.507,35.52840325,33.89344782
352,1970,2,2,11.839,35.53154995,33.89354094
356,1971,6,6,17.051,35.53182498,33.89348991
357,1960,2,2,6.882,35.52945876,33.89340553
358,1970,4,8,28.309,35.52905833,33.89337199
362,1960,3,2,111.814,35.52965862,33.89312956
366,1980,3,2,87.922,35.53175575,33.89326854
367,1970,3,2,232.391,35.53156639,33.89331578
369,1966,4,4,29.259,35.52901974,33.89321877
371,1970,6,6,17.482,35.53057261,33.89323719
376,1951,3,3,31.29,35.5308699,33.89320015
379,1960,1,1,23.428,35.52928513,33.89314624
382,1966,2,1,25.23,35.52904259,33.89310582
385,1960,2,2,16.432,35.53014395,33.89302264
387,1970,3,3,22.507,35.52867189,33.89298892
388,1960,4,4,5.599,35.52930251,33.89294388
390,1960,5,5,10.228,35.52866477,33.89293184
392,1960,3,4,15.849,35.53077446,33.89294149
395,1970,4,4,13.27,35.52864307,33.89282603
397,1970,3,3,37.793,35.53028028,33.89285099
398,1980,5,5,6.209,35.53046574,33.89283613
400,1960,3,3,4.628,35.53079667,33.89277623
403,1970,3,3,72,35.53051719,33.89271075
404,1971,6,6,51.402,35.53140525,33.89272338
406,1960,5,10,11.408,35.52931397,33.8927133
411,1970,6,5,26.016,35.53120592,33.89264546
412,1960,6,10,23.854,35.52904642,33.89259223
414,1971,4,4,26.004,35.53046848,33.89260777
418,1970,5,5,16.82,35.53095615,33.89258782
422,1970,4,4,18.37,35.5290366,33.89249935
423,1970,3,3,3.155,35.52890207,33.89248989
425,1950,3,3,15.391,35.52928251,33.8924825
426,1960,2,2,3.746,35.52994438,33.89247924
437,1960,4,4,10.289,35.5309005,33.89236795
438,1950,2,2,152.899,35.53154628,33.89229959
444,1960,5,5,64.049,35.53046634,33.8922137
447,1950,4,8,26.079,35.53113144,33.89207542
449,1920,2,2,21.118,35.53030958,33.89196801
451,1950,4,4,13.081,35.53096098,33.89198388
452,1920,3,3,6.432,35.53109687,33.89197546
459,1920,3,2,8.189,35.53109355,33.89189614
460,1920,2,2,7.478,35.53072135,33.89184611
464,1920,3,2,9.746,35.53057865,33.89183203
471,1920,2,3,7.522,35.53048337,33.89173565
561,1966,4,4,15.215,35.52863238,33.89404509
566,1960,8,9,8.978,35.52842724,33.89276006
567,1970,2,2,28.212,35.52861787,33.89269356
568,1970,2,2,15.149,35.52842001,33.89260863
569,1980,3,3,17.661,35.52855075,33.89258523
570,1905,1,2,57.181,35.52840983,33.89228148
582,1940,4,3,2.154,35.53261993,33.892395
584,1930,3,6,14.431,35.53238711,33.89233243
585,1940,4,10,62.838,35.5328247,33.89227299
591,1930,2,4,9.528,35.53237777,33.89224003
595,1950,4,11,27.277,35.53168053,33.89212965
596,1950,4,8,24.226,35.53183941,33.89211475
598,1950,4,11,11.146,35.53162976,33.89205123
600,1950,4,10,9.564,35.5315848,33.89197935
611,1920,2,2,7.176,35.532585,33.89463594
614,1960,3,3,11.158,35.53167825,33.89450252
615,1940,4,8,64.149,35.53236522,33.89443439
617,1961,2,2,20.387,35.53193423,33.89430033
618,1940,3,3,5.223,35.53182349,33.89424388
619,1980,3,3,2.524,35.53176181,33.89420301
622,1970,4,4,16.673,35.53178155,33.89399568
625,1970,1,1,38.942,35.53202504,33.89360389
646,1970,5,3,10.959,35.52894727,33.89242228
647,1970,2,2,33.619,35.52892938,33.89233022
649,1970,2,3,18.029,35.52894089,33.89220863
654,1950,3,7,35.298,35.52856435,33.8918516
660,1950,4,10,11.294,35.5299616,33.8919015
668,1950,8,16,71.76,35.52945918,33.89172497
669,1920,2,4,8.612,35.53034515,33.8917077
671,1920,2,2,6.494,35.53005433,33.8916741
683,2000,10,20,44.874,35.52900579,33.89129568
705,2000,8,14,78.835,35.49024197,33.90063505
709,1950,4,8,5.935,35.49010906,33.90062156
710,1950,9,9,31.187,35.4892881,33.9004993
712,1960,6,12,231.362,35.48931605,33.9002957
714,1950,6,6,80.734,35.48898858,33.90013942
720,1920,3,4,14.729,35.48844791,33.89994991
724,1920,4,4,9.379,35.48849066,33.89974194
757,1950,6,14,41.69,35.48655552,33.90081422
759,1950,6,12,88.743,35.48654564,33.90062279
760,1950,5,10,27.548,35.48682809,33.90057731
761,1950,4,4,8.531,35.48649551,33.90048727
763,1960,6,7,107.279,35.4871266,33.89989393
764,1920,3,3,3.259,35.4873519,33.89998788
765,1950,4,4,16.299,35.48751155,33.89992224
766,1950,1,1,33.541,35.48750818,33.89984254
796,1980,8,8,38.908,35.49024499,33.90044456
798,1990,8,16,10.76,35.49055595,33.8997947
800,1980,10,20,41.988,35.49082845,33.8995703
816,1990,11,11,5.355,35.48731194,33.90067363
818,1950,3,4,26.979,35.48820892,33.90067241
820,1920,3,3,3.296,35.48846095,33.90064429
825,1920,2,2,7.748,35.48894612,33.90058769
832,1950,3,6,10.307,35.48780398,33.90007975
834,1950,6,14,36.159,35.48843114,33.90007549
836,1920,2,2,2.515,35.48760297,33.89998771
890,1980,10,20,174.57,35.47308236,33.89393295
891,1980,11,11,181.319,35.47294814,33.89376998
892,1960,7,14,229.511,35.47276355,33.89357326
896,2010,10,10,193.382,35.47075513,33.89269416
905,1950,6,12,153.766,35.47327978,33.8970718
907,1950,5,14,348,35.47336384,33.89668036
914,1950,4,4,71.58,35.47424469,33.89622464
915,1930,3,6,312,35.47430511,33.89608002
916,1930,3,6,26.969,35.47314717,33.89593761
921,1950,4,10,43.652,35.47348157,33.89514899
925,1930,3,6,15.804,35.47302358,33.89490611
950,1950,3,6,33.27,35.47258306,33.89775852
953,1980,11,11,31.103,35.47255013,33.89739223
955,1910,1,2,17.384,35.47233568,33.89728486
958,1950,5,10,73.081,35.47303713,33.89724138
959,1950,4,4,39.543,35.47261119,33.89714904
960,1980,10,10,57.065,35.47282855,33.89710039
961,1970,9,18,127.305,35.47302285,33.89694367
967,1990,10,20,94.995,35.47197017,33.89652963
968,1950,6,12,36.091,35.47135229,33.89637851
969,1960,6,18,121.64,35.47239124,33.89639635
971,1950,5,10,59.171,35.47233423,33.89614076
972,1920,1,1,4.486,35.47209998,33.89612725
973,1930,3,6,34.99,35.4715072,33.89601928
974,1930,4,8,21.333,35.47129135,33.89597862
977,1950,5,10,63.099,35.47134408,33.89570601
978,1960,10,58,364.111,35.4715888,33.8955556
980,1950,6,12,29.913,35.4715443,33.89523888
983,1980,7,7,76.02,35.47210508,33.89504385
1023,1950,4,15,53.081,35.47139913,33.8950271
1024,1930,3,3,7.514,35.47160476,33.89494097
1025,1950,4,8,51.99,35.47182708,33.89489735
1026,1950,6,12,70.376,35.47116554,33.89479374
1059,1990,15,30,9.032,35.48223799,33.89885672
1060,1950,1,2,59.041,35.48176367,33.89872435
1067,1920,3,8,41.316,35.48178342,33.89886356
1079,1911,4,3,11.037,35.48355181,33.90203544
1085,1940,4,4,9.471,35.4837494,33.90178117
1086,1930,4,4,7.182,35.48362991,33.90182058
1087,1950,3,5,10.288,35.48335951,33.90175574
1089,1930,2,2,6.077,35.48390764,33.90154966
1095,1940,4,8,47.754,35.48165223,33.89768938
1100,1980,12,12,185.493,35.4810795,33.89880519
1103,1980,7,14,126.946,35.48069423,33.89857404
1128,1920,4,8,39.836,35.48189022,33.89931755
1154,1920,3,3,8.173,35.48136643,33.89819102
1196,1960,7,16,84.381,35.51453228,33.87439149
1199,1960,7,15,72.099,35.51452289,33.87377802
1216,1951,2,2,12.118,35.51550157,33.87267673
1219,1970,12,12,83.963,35.51354337,33.87243131
1221,1972,8,18,82.946,35.51325791,33.872311
1225,1960,6,12,101.324,35.51334794,33.872121
1259,1920,1,1,86.15,35.51591583,33.87216338
1263,1960,7,13,115.093,35.51476326,33.87164867
1264,1990,9,8,100.16,35.51474755,33.87144516
1265,1950,2,2,9.376,35.51538918,33.87139126
1291,2000,11,11,45.134,35.47348229,33.89382173
1299,1940,5,10,146.694,35.47513507,33.89540163
1300,1980,9,18,80.362,35.47488974,33.89536279
1303,1930,4,10,171.478,35.47491357,33.89498668
1308,1950,6,12,151.03,35.47390641,33.89411893
1382,2010,22,44,118.498,35.4732052,33.89285719
1419,1960,7,14,132.605,35.47581047,33.89486235
1420,1980,9,18,86.247,35.47585432,33.89473505
1421,1980,8,8,7.458,35.47612556,33.89457733
1422,1950,5,6,5.399,35.47638268,33.89449232
1425,1990,10,10,13.569,35.47608554,33.89424646
1428,1980,8,8,34.171,35.47637209,33.89418887
1443,1960,7,14,84.594,35.47554626,33.8951218
1445,1980,12,24,102.216,35.47512955,33.8947794
1446,1950,5,12,44.993,35.47494832,33.8947155
1461,1980,11,22,170.248,35.47391128,33.89374516
1463,1950,6,12,116.815,35.4753796,33.89367111
1578,1950,5,10,870.967,35.48075771,33.89459564
1708,1950,5,5,226.708,35.48677935,33.89544672
1781,1950,5,12,86.84,35.48359591,33.89896275
1789,1990,9,18,35.478,35.48324516,33.8984236
1790,1990,11,11,134.795,35.48263282,33.89838134
1793,1990,8,16,139.409,35.4834215,33.89810025
1821,1990,8,53,205.561,35.48348241,33.89825714
1822,1950,3,8,51.743,35.48398686,33.89830058
1826,1990,7,14,93.231,35.48358324,33.89795277
2397,1960,5,11,34.378,35.52165971,33.89111939
2399,1970,6,12,99.325,35.52042937,33.89075784
2400,1950,4,4,7.95,35.52065331,33.89075359
2403,1950,2,4,126.632,35.52115209,33.88998359
2409,2012,5,10,11.57,35.52402489,33.8903267
2412,1950,3,6,24.884,35.52534682,33.89019599
2413,1940,2,2,9.189,35.52421476,33.89015585
2414,1940,1,8,33.161,35.52501274,33.8901357
2421,1920,1,8,17.88,35.52475378,33.8899406
2423,1920,2,2,16.445,35.52652079,33.88998742
2424,1950,6,7,56.409,35.52683559,33.8899553
2432,1940,2,6,20.131,35.52400074,33.88972473
2433,1950,7,14,64.49,35.52665569,33.88981033
2434,1960,7,14,55.387,35.52582599,33.88976125
2437,1950,5,11,49.717,35.52610155,33.88973617
2448,1960,5,24,86.97,35.52441953,33.88951051
2458,1940,3,6,20.335,35.52522909,33.88935585
2460,1980,9,30,117.976,35.52416419,33.88933114
2462,1950,4,8,12.841,35.52440212,33.88932838
2463,1940,3,9,14.441,35.52454015,33.88932841
2464,1950,5,10,27.925,35.52477027,33.88932345
2468,1970,7,14,108.555,35.52578832,33.88925571
2480,1950,7,7,30.025,35.52578231,33.88902438
2513,1950,3,6,14.524,35.52176279,33.89164935
2521,1990,11,14,220.439,35.52381122,33.89020246
2522,1980,6,12,17.935,35.52383956,33.88998168
2524,2000,9,18,46.171,35.52382086,33.88986718
2526,1950,1,2,2.271,35.52358551,33.88976606
2527,1950,3,6,8.339,35.52378624,33.88971824
2529,1970,7,21,71.877,35.52382721,33.88959847
2530,1970,7,14,129.339,35.52384415,33.88939072
2553,1945,5,11,25.863,35.52381538,33.89264839
2555,1962,5,11,44.586,35.52355236,33.89253879
2583,1914,2,2,11.324,35.52660798,33.89424959
2586,1970,6,6,43.307,35.52799548,33.89426233
2588,1970,4,4,14.731,35.52674932,33.89421835
2592,1914,1,1,7.625,35.52676174,33.89412015
2608,1955,3,7,23.691,35.52670661,33.89382553
2611,1914,3,3,16.653,35.52640399,33.89373402
2617,1960,4,5,21.326,35.52822979,33.89366763
2619,1970,3,3,9.638,35.52780518,33.89365907
2623,1976,2,2,10.181,35.52741866,33.89362664
2625,1976,5,5,20.887,35.52818686,33.89354162
2628,1960,1,1,18.13,35.52739932,33.89352824
2629,1971,4,8,30.855,35.52758312,33.89351896
2630,1976,4,4,30.28,35.52713004,33.89345729
2632,1976,3,3,8.716,35.5279681,33.89344899
2633,1970,4,4,37.071,35.52751547,33.89341597
2634,1970,5,5,28.354,35.5281076,33.89339573
2639,1960,4,4,14.071,35.52734592,33.89332802
2640,1970,3,3,35.828,35.52806533,33.893311
2683,1950,2,5,11.062,35.52276318,33.89100818
2693,1936,6,7,50.819,35.52479445,33.89407437
2705,1960,7,16,60.536,35.52456815,33.89365102
2709,1960,6,12,49.16,35.52477857,33.89347132
2719,1974,6,13,54.197,35.52520591,33.89326256
2721,1968,4,4,7.502,35.52622524,33.89321651
2745,1979,7,8,44.861,35.52540386,33.89245058
2746,1900,1,1,86,35.52574879,33.89237268
2767,1900,2,3,8.666,35.52534978,33.89111225
2770,1920,1,1,1.949,35.52476665,33.89102135
2773,1950,3,3,7.894,35.52562336,33.89100363
2777,1950,8,16,76.779,35.52587525,33.89091717
2782,1950,8,16,53.267,35.52590969,33.89073802
2786,2000,9,9,42.296,35.5261842,33.89070181
2788,1990,7,14,55.577,35.52641632,33.89057015
2792,1970,7,14,76.783,35.52474264,33.89040907
2800,1960,8,24,108.572,35.52661742,33.89025354
2802,1950,4,8,37.166,35.52579317,33.89021226
2803,1950,6,12,20.077,35.52640252,33.8901351
2853,1930,1,1,102.041,35.52591459,33.89433816
2856,1914,4,4,27.188,35.52639172,33.89365144
2857,1970,8,16,71.646,35.52636472,33.8935305
2862,1960,4,8,64.147,35.52825474,33.89280424
2863,1970,7,7,42.671,35.5278956,33.89262226
2865,1970,4,4,52.136,35.52811594,33.89252147
2866,1970,6,10,10.324,35.52825485,33.89251237
2867,1970,8,8,22.172,35.52787942,33.89248608
2869,1970,4,4,4.631,35.52784084,33.89230327
2871,1931,2,1,42.561,35.52841754,33.89210537
2873,1950,4,4,8.067,35.52801563,33.89178538
2874,1950,3,10,27.193,35.52781143,33.89175008
2878,1950,4,5,29.214,35.52802026,33.89155761
2879,1940,4,4,59.906,35.52818522,33.89154847
2884,1950,4,4,7.192,35.5274931,33.89120052
2886,1950,2,2,13.801,35.52767198,33.89110963
2895,1960,9,18,88.448,35.52728455,33.89040442
2911,1960,2,2,96.342,35.5278799,33.89304735
2912,1971,4,8,17.113,35.52714465,33.89300353
2913,1970,4,4,22.495,35.52758105,33.89293717
2914,1960,4,6,10.485,35.52780973,33.89293951
2916,1960,1,1,42.915,35.5273639,33.89289064
2917,1970,1,1,23.43,35.52793755,33.89288728
2918,1930,2,3,24.677,35.52715975,33.89280423
2921,1981,2,2,18.792,35.52775217,33.89277015
2924,1960,4,5,34.305,35.52750167,33.89269661
2925,1965,5,10,45.01,35.5272515,33.89260965
2934,1970,2,2,15.592,35.52773358,33.8924401
2935,1970,4,4,20.42,35.52714585,33.89236747
2938,1970,2,2,13.515,35.52765338,33.89232107
2966,1949,3,3,27.855,35.5244721,33.89262269
2968,1965,7,8,60.7,35.524914,33.8925759
2969,1986,2,1,8.006,35.5244351,33.89248441
2970,1950,4,8,9.775,35.52419277,33.89247929
2972,1973,5,5,35.204,35.52351925,33.89236121
2973,1948,5,6,21.713,35.5237477,33.8923672
2976,1890,1,3,2.431,35.52414908,33.8923558
2977,1890,2,1,8.587,35.52444959,33.89235355
2981,1951,4,5,205,35.52345035,33.89219014
2982,1942,3,3,13.641,35.52458829,33.89218802
2983,1936,1,2,6.954,35.52394119,33.89212835
3037,1950,4,8,15.001,35.52837891,33.89157544
3043,1950,3,3,38.051,35.52824414,33.89041303
3052,1950,5,12,26.931,35.52749381,33.88974475
3053,1940,2,3,7.412,35.5274606,33.8895704
3057,1970,2,2,13.496,35.52686453,33.89313411
3058,1990,2,2,7.454,35.52699978,33.89313466
3059,1970,5,11,24.016,35.52636379,33.89306609
3060,1937,3,3,13.738,35.52652536,33.8930429
3064,1985,7,8,59.263,35.5261491,33.89292374
3065,1970,2,2,11.139,35.52673636,33.89289572
3071,2001,12,11,23.827,35.52701909,33.89250918
3095,1960,8,17,116.754,35.52675724,33.8912376
3098,1920,1,1,22.288,35.52725939,33.89097103
3099,1920,2,2,6.388,35.52666248,33.89095787
3101,1970,8,16,73.625,35.52715914,33.89070808
3103,1960,5,12,47.647,35.52664163,33.89042708
3105,1950,7,14,67.794,35.52723189,33.89029019
3130,1950,2,2,7.741,35.52704876,33.88988727
3131,1960,11,10,87.658,35.48842333,33.89168787
3137,1930,1,1,5.174,35.48858616,33.89149801
3140,1970,10,10,125.471,35.48873208,33.89135437
3142,1930,2,1,11.157,35.48902154,33.89132871
3143,1970,10,16,80.861,35.48839158,33.89133002
3151,1930,3,3,24.583,35.48990197,33.89115404
3152,1950,5,5,15.104,35.48951259,33.89109045
3157,1980,8,7,22.611,35.48972215,33.89111697
3158,1930,3,3,20.992,35.48936826,33.89108085
3160,1950,5,4,21.771,35.49001453,33.89100664
3161,1930,4,4,25.381,35.48877341,33.89097647
3172,1950,7,12,52.237,35.4894405,33.89082032
3175,1970,8,14,55.146,35.48991757,33.89074631
3190,1970,8,14,71.397,35.48827966,33.89028233
3193,1950,5,8,38.769,35.48917308,33.8901332
3213,1990,12,22,124.71,35.48959455,33.88943036
3217,1980,9,14,66.292,35.49001152,33.889418
3229,1990,9,16,80.886,35.48844112,33.88886946
3230,1950,4,4,33.649,35.48907851,33.88890223
3233,1980,5,10,36.202,35.4899083,33.8888336
3280,1960,9,21,113.501,35.48984532,33.88863504
3289,1920,1,3,9.159,35.48885971,33.88843841
3361,1990,14,24,156.154,35.48979611,33.89281442
3362,1980,10,11,61.019,35.4891678,33.89283849
3377,1970,8,8,38.965,35.48911135,33.89186821
3384,1980,12,23,95.158,35.48973298,33.89169559
3386,1970,12,32,188.578,35.49018825,33.89172374
3387,1960,8,6,54.398,35.48991412,33.89164853
3414,1930,3,3,16.94,35.48986449,33.88808118
3422,1930,5,5,8.674,35.48975471,33.88779134
3467,1990,10,19,180.534,35.49135688,33.89289571
3471,1970,13,36,135.752,35.49127446,33.89267796
3472,1960,6,6,19.757,35.49168144,33.89266509
3473,1960,7,12,45.793,35.49150625,33.89266686
3477,1930,2,3,25.538,35.49167625,33.89251087
3478,1920,2,1,3.813,35.49086999,33.89245864
3483,1940,3,3,17.355,35.49130981,33.89217463
3490,1940,4,4,72.488,35.49094372,33.89190832
3491,1980,11,21,146.283,35.49136332,33.89185169
3492,1930,4,4,27.475,35.49109241,33.89184998
3533,1970,8,16,140.794,35.49054023,33.89185666
3547,1920,1,1,988,35.49012638,33.89096948
3553,1970,11,20,106.312,35.49046355,33.89074322
3554,1970,8,13,58.3,35.49070483,33.89073699
3555,1930,2,3,10.9,35.49012226,33.89072439
3599,1980,9,16,86.335,35.49031402,33.88922582
3607,1950,5,8,50.69,35.49041642,33.88893098
3845,1970,10,9,103.083,35.51601282,33.88597698
3847,1950,5,5,17.871,35.51615478,33.8856365
3848,1950,6,12,19.865,35.51601284,33.88562836
3854,1930,1,8,17.787,35.51713049,33.88538177
3858,1940,1,4,15.025,35.51693428,33.8852738
3860,1960,6,11,51.713,35.51714945,33.88523207
3861,1950,3,2,3.464,35.51656904,33.88500772
3863,2013,18,28,82.081,35.51476459,33.8848905
3864,1960,5,14,65.427,35.51681799,33.88498911
3865,1960,6,12,97.33,35.51629359,33.8849347
3879,1960,6,14,85.807,35.51622034,33.88463297
3901,1970,5,7,43.007,35.51495048,33.88447809
3904,1940,1,1,957,35.51629699,33.88447956
3905,2012,11,9,86.312,35.51660776,33.88448591
3906,1970,8,8,57.702,35.51609994,33.88432332
3909,1950,5,4,21.304,35.51535651,33.88426075
3911,1970,7,7,34.598,35.51674353,33.88428233
3912,1950,4,8,38.232,35.51520604,33.88416989
3913,2013,7,7,42.72,35.51534606,33.88416071
3916,1980,12,22,207.017,35.51617238,33.88401611
3917,1950,4,5,51.398,35.51519386,33.88399643
3919,1970,8,9,65.514,35.51648418,33.88395927
3921,1950,5,10,49.548,35.51543865,33.88394338
3933,1930,2,2,19.162,35.51588926,33.88709666
3934,1940,2,3,80,35.51621261,33.88704886
3994,1960,4,3,794,35.51788674,33.88671631
3996,1970,7,12,72.159,35.51764127,33.88665841
3997,1960,7,7,26.047,35.51745103,33.88664778
3998,1940,2,4,23.073,35.51823931,33.88659058
4003,1970,7,18,94.875,35.51747873,33.88629861
4004,1940,1,3,18.995,35.51837979,33.8862923
4005,1970,7,14,61.096,35.51809195,33.8861985
4007,1950,4,4,8.757,35.51827695,33.88618726
4015,1940,4,4,12.335,35.51794882,33.88572566
4017,1950,4,8,16.987,35.51793079,33.88561157
4019,1970,6,12,72.23,35.51769851,33.88551131
4039,1960,4,4,25.726,35.51884292,33.88657796
4040,1960,4,10,45.814,35.51866922,33.88656268
4042,1970,7,14,77.95,35.51855747,33.88631454
4045,2013,15,15,48.041,35.51878445,33.88605407
4046,2000,8,8,11.137,35.51842055,33.88607306
4051,1960,4,4,12.977,35.51851776,33.88577043
4056,1980,18,32,206.311,35.51800479,33.88521919
4058,1970,12,14,84.436,35.51828629,33.88523605
4087,1960,4,4,14.769,35.51850838,33.88673814
4096,2005,8,8,72.052,35.51955454,33.88515334
4103,2000,10,14,112.919,35.51764382,33.88487788
4104,2000,8,7,58.229,35.51795048,33.88487704
4107,1940,1,2,12.334,35.51968502,33.88486387
4118,1950,2,2,18.78,35.51907121,33.88470952
4120,1950,4,8,29.454,35.51965167,33.88467364
4123,1970,7,14,4.743,35.51939473,33.88459403
4130,1950,2,3,7.617,35.51915594,33.88450115
4138,1970,5,11,66.037,35.51947275,33.8842924
4140,1950,2,2,5.794,35.51760699,33.88419101
4141,1950,5,5,24.378,35.5177309,33.88417966
4142,1960,5,8,35.345,35.51784624,33.88412141
4144,1970,9,16,72.179,35.51821848,33.88415267
4145,1960,5,10,51.812,35.51799352,33.88409797
4146,1940,1,2,19.21,35.51854363,33.88406974
4151,1950,2,2,11.145,35.51942339,33.88384862
4154,1930,1,4,17.056,35.51859833,33.88366335
4253,2013,28,112,2.729,35.52849276,33.87786382
4281,1950,4,4,27.54,35.49056941,33.90086365
4282,1950,4,8,40.102,35.49079427,33.90088298
4283,1950,6,12,24.047,35.49135926,33.9008741
4286,1950,4,8,224.967,35.4912483,33.90063565
4287,1950,5,10,50.887,35.49138607,33.90062898
4368,1970,5,10,6.042,35.49354234,33.90169502
4446,1950,3,3,8.226,35.49327291,33.90072923
4498,1960,10,20,149.548,35.49108944,33.89997075
4500,1980,11,22,116.338,35.49083757,33.89993323
4501,1990,12,12,249.173,35.49161378,33.8997988
4509,1950,3,3,34.667,35.49241896,33.89921311
4776,1940,7,29,215.418,35.49452453,33.89887689
4955,1940,4,9,36.363,35.48947275,33.89726181
4956,1980,11,25,95.074,35.48953188,33.89706682
4957,1980,9,15,89.039,35.48978075,33.89707931
4958,1990,11,12,70.53,35.48955987,33.89691366
5007,1990,15,27,70.587,35.49101033,33.89748962
5037,1970,9,18,66.591,35.49019327,33.89566915
5039,1980,9,15,35.711,35.49021877,33.89547927
5044,1940,5,5,17.613,35.49090239,33.89733498
5046,1970,9,18,101.14,35.49000651,33.89718764
5047,1990,8,11,89.246,35.49025178,33.89706154
5049,1990,15,27,132.764,35.49042039,33.89691261
5064,1950,4,4,41.962,35.4911159,33.89717307
5065,1980,10,10,46.493,35.49096128,33.89714104
5067,1930,2,2,19.416,35.4904123,33.89665609
5075,1920,2,2,8.169,35.49067164,33.89625336
5077,1960,7,6,51.85,35.49089845,33.89619517
5347,1990,7,35,260.886,35.48439929,33.89462826
5348,1970,6,73,114.32,35.48453985,33.89461692
5350,1960,5,10,110.569,35.48443344,33.89440489
5354,1950,6,12,61.697,35.48508355,33.89547719
5395,1990,5,10,18.609,35.48593634,33.89493152
5410,1960,7,64,35.081,35.48657596,33.89573385
5412,1970,8,8,144.887,35.48625286,33.89716259
5424,1920,4,8,55.163,35.48708821,33.89708437
5425,1950,6,14,87.486,35.48697871,33.89686765
5462,1990,18,159,399.632,35.48822481,33.89797376
5471,1950,5,5,42.567,35.48657573,33.89808916
5480,1920,2,2,8.531,35.48649637,33.90034185
5483,1950,4,4,17.476,35.48666272,33.9000115
5531,1960,7,7,133.331,35.48781585,33.89700443
5542,1990,14,14,202.118,35.48850744,33.89799256
5543,1950,5,10,37.416,35.48817106,33.89771496
5544,1950,6,12,56.877,35.48839609,33.89771358
5550,1960,6,12,120.284,35.48832631,33.89710922
5551,1950,5,6,501,35.48867195,33.89717128
5842,1920,4,4,22.293,35.50812448,33.89179762
5843,1950,5,5,15.673,35.50793507,33.89177622
5854,1960,5,5,26.263,35.51006425,33.8918482
5872,1930,2,2,13.123,35.51070323,33.89040795
5889,1990,7,14,130.63,35.51115909,33.89159222
5890,2003,9,8,102.74,35.51088933,33.89151147
5896,1950,2,2,7.869,35.51298315,33.89337475
5903,1920,2,2,3.756,35.51264114,33.89464854
5914,1950,5,5,23.429,35.5133797,33.89441238
5916,1975,4,3,17.181,35.51271413,33.89419385
5917,1900,3,3,837,35.51245461,33.89418623
5919,1920,3,3,51.774,35.51217347,33.89415107
5922,1950,5,10,59.75,35.51262801,33.89393141
5928,1900,3,2,11.253,35.51238083,33.89374008
5929,1920,3,5,19.153,35.51322969,33.89369258
5953,1920,2,1,123.013,35.51397409,33.89472909
5961,1930,1,1,8.175,35.51361045,33.89482144
5964,1940,3,2,6.174,35.51151833,33.89402979
5972,1900,2,2,11.53,35.51228081,33.89364235
6061,1960,5,5,34.915,35.51279587,33.89614353
6064,1960,4,58,25.652,35.51273108,33.89594808
6071,1990,4,4,75.78,35.51210661,33.89558445
6077,1960,5,8,19.269,35.51244308,33.89513526
6092,1990,13,12,116.629,35.51267748,33.89332534
6095,1960,4,4,27.335,35.51245194,33.89292183
6185,2002,9,11,58.372,35.51590754,33.89116045
6192,1950,2,2,12.755,35.51493805,33.89092708
6195,1940,2,1,13.976,35.51571046,33.89089629
6196,1890,4,4,19.805,35.51515576,33.89074776
6198,1966,9,9,134.301,35.51636479,33.89067739
6200,1980,7,10,7.578,35.51584039,33.89052931
6201,1970,8,8,53.866,35.51640323,33.89050899
6204,1970,7,7,117.282,35.51648337,33.8903387
6209,1980,6,10,79.305,35.51680677,33.89106552
6210,1990,11,22,279.578,35.51705822,33.89102731
6211,1920,2,1,61.62,35.51683512,33.89059783
6221,1960,7,11,62,35.51991685,33.89181767
6222,1974,5,12,102.163,35.51976256,33.8916161
6223,1920,3,3,5.997,35.52031403,33.89153075
6226,2012,11,11,22.658,35.52027305,33.89114535
6227,1930,2,5,30.524,35.52024599,33.89095441
6247,1950,6,18,323.707,35.52001227,33.89317464
6250,1940,4,9,19.69,35.51984029,33.89300378
6251,1900,2,1,2.312,35.52012869,33.89291996
6252,1990,9,18,128.34,35.51998327,33.89277746
6318,1950,6,7,66.903,35.51870214,33.89379113
6321,1960,6,11,74.397,35.51976919,33.8936693
6328,1960,7,14,149.026,35.51988481,33.89334921
6357,1970,6,6,53.07,35.51987313,33.89112764
6381,1930,3,4,18.629,35.5188398,33.89115001
6388,1940,4,12,11.655,35.51819913,33.89171976
6390,1960,5,12,60.876,35.51900034,33.8915735
6391,1920,2,1,9.147,35.51882418,33.89158907
6397,1935,3,3,7.26,35.51902221,33.89116573
6398,1980,10,12,26.163,35.5196131,33.89115542
6401,1970,7,14,69.029,35.51987372,33.89081397
6402,2005,7,10,92.119,35.51925014,33.89085352
6404,1940,2,4,24.122,35.51893988,33.89081223
6405,2000,7,10,68.908,35.51920424,33.8906731
6407,1970,7,14,79.067,35.51914333,33.89047593
6410,1970,4,8,17.978,35.51994396,33.89046014
6411,1930,1,2,9.995,35.51952875,33.89039557
6412,1980,10,12,132.898,35.51934559,33.89036123
6414,2010,10,10,91.328,35.52014947,33.89026392
6415,1960,6,8,46.157,35.51982345,33.89018376
6416,1940,1,5,5,35.51935191,33.89008061
6417,1950,2,2,13.379,35.51997874,33.89010455
6440,1995,16,16,362.969,35.5179014,33.89096115
6442,1960,6,13,79.973,35.51734391,33.89071674
6445,1970,6,7,28.976,35.51765271,33.89048239
6446,1970,6,13,87.246,35.51736411,33.89025136
6461,1950,2,2,4.464,35.51472645,33.89088312
6476,1900,2,2,16.862,35.513945,33.89379066
6480,1970,7,14,104.421,35.51357427,33.89319884
6485,1920,3,3,168,35.51392597,33.89283419
6486,1960,7,14,26.959,35.51367019,33.89267196
6487,1960,5,10,46.003,35.51404902,33.89268649
6488,1950,4,3,36.183,35.51389029,33.89265174
6489,1950,6,6,47.563,35.5135164,33.89260467
6491,1950,6,18,111.955,35.51420087,33.89247664
6506,1950,9,3,26.824,35.51298673,33.89309504
6509,1960,4,4,31.851,35.5129161,33.89244021
6510,1960,7,7,68.56,35.51309279,33.89243671
6511,1950,7,12,30.797,35.51351603,33.89232872
6513,1910,2,2,9.113,35.51358598,33.89193321
6514,1960,6,12,98.093,35.51332555,33.89181107
6537,1940,3,2,8.787,35.51253643,33.89148411
6539,1950,7,6,27.725,35.51422555,33.89402177
6544,1986,7,14,72.081,35.51174301,33.89018816
6545,2008,10,9,135.387,35.51148428,33.89013963
6546,1940,4,6,49.323,35.51134562,33.88991571
6552,1950,2,2,6.016,35.51469327,33.89120136
6572,1910,4,6,57.788,35.51101846,33.89056941
6574,1946,5,4,80.465,35.51127587,33.89025313
6576,2008,8,8,58.163,35.51128974,33.89012082
6579,1950,5,5,24.55,35.5111796,33.8913045
6580,1956,4,34,38.055,35.51142753,33.89128637
6583,1941,2,2,15.379,35.51114329,33.89113183
6584,1961,6,7,58.052,35.51142816,33.89108689
6586,1967,9,16,82.195,35.51141865,33.89082869
6587,1940,4,4,28.589,35.51209023,33.89085012
6588,1945,4,4,23.015,35.51192368,33.89081699
6592,1990,17,18,114.988,35.51174744,33.890405
6593,1946,5,4,35.173,35.51148673,33.89041995
6602,1960,5,9,54.412,35.51226896,33.88982979
6603,2000,16,27,512.736,35.51196202,33.88979006
6609,1950,5,7,36.386,35.51208227,33.88941539
6612,1970,7,14,9.694,35.51381832,33.89136099
6615,1960,6,2,28.286,35.5127069,33.8913397
6621,1947,4,4,33.759,35.51218182,33.89031417
6623,1960,4,4,82.504,35.51263447,33.89025532
6634,1910,3,3,19.207,35.51163511,33.89152535
8358,1940,7,15,92.893,35.51048017,33.88201328
8359,1940,3,3,6.635,35.51062546,33.88130077
8360,1940,3,5,23.202,35.51026076,33.88114388
8361,1940,4,4,52.955,35.51079753,33.88109931
8367,1930,3,3,13.102,35.51104553,33.88070558
8368,1950,4,5,21.577,35.51044662,33.88063389
8371,2004,8,7,29.866,35.51016007,33.88058865
8373,1950,3,4,15.692,35.51084182,33.88046797
8374,1950,4,4,17.05,35.51093838,33.88046043
8375,1940,4,8,20.699,35.51047075,33.88042938
8377,1965,3,3,10.583,35.51088311,33.88034146
8380,1950,4,4,50.182,35.51103849,33.880144
8381,2005,9,12,7.364,35.51089989,33.88013023
8383,1960,7,12,83.91,35.51186866,33.87996158
8384,1970,7,12,105.869,35.51073132,33.87985223
8423,1970,8,9,66.758,35.51188647,33.87983004
8426,1980,8,16,142.509,35.51065853,33.87952639
8529,1970,14,12,137.582,35.51633969,33.88870665
8559,2011,11,20,169.221,35.51906431,33.88994443
8565,1940,1,2,12.329,35.51865458,33.88963222
8566,1980,6,12,70.941,35.51896599,33.88939913
8571,1960,8,8,65.998,35.51608645,33.89027368
8572,1960,3,4,21.755,35.51562228,33.89025192
8573,1950,3,3,10.96,35.51572476,33.89005653
8585,1970,5,13,65.081,35.52334625,33.88745063
8586,1960,3,3,18.655,35.52406189,33.88735121
8588,1940,1,1,5.328,35.52387957,33.88723856
8590,1940,3,3,27.887,35.52422868,33.88718897
8595,1950,1,2,22.83,35.52389475,33.88697148
8598,1960,3,3,37.879,35.5242555,33.88679903
8602,2001,7,6,43.965,35.52408798,33.88673895
8607,1950,1,3,22.417,35.52327967,33.88632744
8609,1910,2,2,3.602,35.52385852,33.88621605
8611,2000,8,8,31.25,35.52348435,33.88616344
8613,1960,4,5,30.521,35.52341727,33.886005
8614,1960,5,12,44.366,35.5236582,33.8859039
8663,1960,5,12,38.186,35.52002465,33.88621851
8664,1930,1,4,23.382,35.52049654,33.88610222
8665,1970,7,16,90.346,35.52016927,33.88599524
8688,1950,4,8,11.644,35.52186226,33.88565853
8696,1960,5,11,30.412,35.52180064,33.88552507
8718,1950,3,10,33.134,35.5220784,33.88483004
8754,1960,5,8,34.678,35.52423487,33.8889311
8757,1930,2,10,15.691,35.52456107,33.88880028
8764,1940,2,6,11.315,35.5249084,33.88852964
8766,2000,7,7,30.347,35.52544151,33.88847501
8767,1940,1,4,7.279,35.52445478,33.88839588
8777,1950,5,6,20.459,35.52398906,33.88879443
8780,1950,4,7,7.34,35.52404929,33.8886469
8783,1980,11,22,109.503,35.52409246,33.88823824
8784,1940,1,6,7.763,35.52237203,33.88820855
8789,1930,2,8,54.948,35.52262061,33.8880392
8795,2005,6,16,92.404,35.52366614,33.88761628
8807,1950,4,4,27.547,35.52217432,33.88742371
8818,1960,5,12,32.178,35.52270862,33.88704191
8834,1930,2,2,15.516,35.52104349,33.88955653
8835,1980,10,10,95.111,35.52128208,33.88947612
8836,1950,6,12,60.022,35.52102266,33.88923073
8841,1935,3,5,38.173,35.52049511,33.88872539
8842,2012,8,8,69.994,35.52047146,33.88858424
8844,1960,5,12,59.709,35.52121079,33.88845281
8867,1970,4,9,3.28,35.52143859,33.8879732
8887,1960,5,12,55.566,35.51983676,33.88623724
8896,1960,7,14,8.848,35.51992139,33.88514345
8901,1940,2,2,23.963,35.51991991,33.88495929
8903,1970,7,14,85.559,35.51996515,33.88473062
8906,1970,6,14,57.984,35.51985314,33.88448601
8913,1970,8,12,142.841,35.52077554,33.88400032
8918,1940,2,2,7.678,35.52048156,33.88362203
8920,1950,4,5,23.815,35.52033679,33.88347302
8934,1950,3,3,14.494,35.5208424,33.88354033
8935,1940,2,6,33.436,35.5206999,33.88353062
8939,1940,1,1,4.49,35.52093014,33.88338942
8941,1950,5,10,7.716,35.52072228,33.88336996
8943,1940,2,2,20.789,35.5213772,33.88323143
8945,1940,2,3,10.408,35.52107868,33.88322985
8946,1940,3,3,7.948,35.52076916,33.88318593
8952,1940,2,2,13.855,35.52055499,33.88658662
8959,1950,1,6,31.175,35.52328442,33.88599845
8991,1950,3,6,8.006,35.52419135,33.88798444
9000,1960,6,10,109.928,35.52484576,33.88683895
9011,1940,2,4,9.949,35.52384682,33.88575689
9012,1940,1,5,28.387,35.52362989,33.88577129
9042,1960,8,16,161.854,35.51694422,33.87232577
9052,1940,5,10,146.926,35.48060676,33.8956906
9054,1990,10,10,222.189,35.4807235,33.89665327
9068,1960,6,14,67.458,35.47814225,33.89641378
9071,1920,3,6,21.234,35.48085924,33.89714379
9096,1980,11,22,35.854,35.4799412,33.89846705
9107,1950,4,12,53.666,35.48071864,33.89759897
9109,1920,3,6,164.108,35.48048286,33.89756672
9112,1920,5,10,3.627,35.4809049,33.89730479
9114,1940,2,4,43.623,35.48043208,33.89714488
9115,1900,3,6,94.074,35.48062073,33.89710327
9149,1990,10,10,20.742,35.47972653,33.89727341
9155,1950,6,12,49.353,35.48024165,33.89544679
9157,1960,6,12,112.753,35.47989966,33.89526479
9159,1950,4,5,11.052,35.48052157,33.89519268
9162,1990,8,8,36.037,35.48021163,33.89498348
9179,1970,7,16,120.406,35.47647275,33.89683846
9180,1980,8,16,128.11,35.47691938,33.89679204
9183,1930,4,8,37.561,35.47660802,33.89655044
9189,1960,6,6,4.454,35.47799693,33.89638694
9193,1960,6,6,5.153,35.4765824,33.89599342
9234,1990,5,10,144.633,35.48021872,33.89642648
9238,1950,3,3,181.235,35.48019456,33.8961322
9239,1950,3,6,171.866,35.4804173,33.89607485
9250,1950,3,6,23.153,35.47769574,33.89558237
9264,1940,3,6,102.984,35.47957589,33.89679849
9266,1970,8,16,34.545,35.47965875,33.89656514
9272,1960,4,9,470.319,35.47991853,33.89617692
9287,1970,10,20,331.376,35.47704363,33.89498782
9289,1980,7,14,72.495,35.47634655,33.89489222
9290,1920,3,6,77.047,35.47612741,33.89485495
9291,1960,6,12,192.27,35.47669388,33.89485587
9293,1920,2,4,62.622,35.47633234,33.89471013
9294,1950,7,7,57.426,35.47709416,33.89465358
9296,1960,8,16,142.44,35.47704817,33.89448101
9306,1960,7,14,1.12,35.47840659,33.89475491
9308,1990,8,8,243.569,35.47858514,33.89464067
9312,1950,5,5,6.059,35.47813856,33.89435353
9313,1970,8,8,25.867,35.47827725,33.89431183
9333,1950,4,8,74.878,35.47863512,33.89810207
9336,1950,6,12,92.35,35.4783796,33.89802928
9340,1950,6,12,41.664,35.47785321,33.8977669
9342,1920,4,8,26.241,35.47760126,33.89759361
9411,1940,5,10,10.157,35.47807459,33.8975804
9420,1960,5,10,86.143,35.47816899,33.89698673
9433,1980,7,14,69.789,35.48176115,33.89531838
9436,1950,4,8,90.719,35.48145326,33.89498816
9437,1980,6,12,118.671,35.48087397,33.89565381
9440,1990,10,10,89.522,35.48328123,33.89639076
9443,1950,5,10,339.549,35.48402432,33.89598143
9458,1940,3,6,21.341,35.48274907,33.89498684
9460,1950,5,10,212.807,35.48321743,33.89495303
9474,1940,3,6,45.465,35.48311072,33.89685077
9475,1970,6,12,199.383,35.48255409,33.89650775
9476,1990,9,18,124.132,35.48279171,33.89642882
9492,1940,4,4,68.102,35.48251832,33.89576568
9493,1940,4,4,25.089,35.48271464,33.89571449
9499,1940,2,4,165.64,35.48119673,33.89718275
9500,1920,3,8,17.046,35.48109735,33.89701245
9521,1990,11,22,114.635,35.48318505,33.89763789
9522,1970,7,16,229.975,35.48226059,33.89744235
9523,1990,10,82,167.31,35.48317174,33.89726138
9524,1970,7,16,54.602,35.48231632,33.89723305
9542,1960,6,12,203.274,35.48225022,33.8965703
9571,1940,3,6,39.404,35.48156969,33.89481011
9573,1940,5,10,25.346,35.48179397,33.89478756
9576,1950,4,10,51.45,35.48249165,33.89472976
9578,1950,5,5,33.54,35.48152733,33.89457188
9603,1900,2,2,18.49,35.48381928,33.89677307
9606,1940,3,6,30.518,35.48430477,33.89665117
9617,1990,6,12,61.723,35.48369157,33.89784665
9638,1990,8,8,152.968,35.48594055,33.89624358
9639,1960,4,22,75.041,35.48568145,33.89617826
9667,1950,4,8,75.387,35.48539739,33.89620682
9669,1950,4,4,3.189,35.48450051,33.89739406
9670,1950,5,5,23.821,35.48445888,33.89722224
9679,1940,4,8,46.322,35.48455773,33.89660743
9680,1950,4,8,48.065,35.48476848,33.8965549
9694,1960,5,5,87.5,35.51757153,33.87413134
9695,1960,7,11,123.427,35.51749369,33.87394147
9697,1960,6,10,69.465,35.51765021,33.87430666
9700,1970,6,10,69.605,35.51777813,33.87374503
9704,1930,3,6,6.541,35.51056277,33.89343292
9713,2010,10,10,115.927,35.50988559,33.89416402
9773,1950,3,3,21.479,35.50894949,33.893021
9776,1960,5,8,110.434,35.50868047,33.89281306
9838,1990,11,10,55.168,35.48802905,33.89160786
9842,1960,3,4,40.381,35.48788609,33.89391793
9894,1950,5,5,18.213,35.4878548,33.89123005
9896,1920,2,4,130.529,35.4877564,33.89110347
9899,1940,4,5,21.506,35.48802241,33.89082947
9900,1950,2,2,523,35.4876042,33.89056605
9901,1990,8,7,118.126,35.48773514,33.89058057
9906,1980,10,18,112.35,35.48756341,33.89005862
9911,1930,2,12,9.68,35.48783376,33.88984872
9915,1940,3,2,9.718,35.48787819,33.88967522
9924,1940,3,5,28.831,35.48776826,33.8889336
9947,1970,8,7,43.782,35.48748771,33.88873026
9956,1920,1,1,3.107,35.48828016,33.88853133
10091,1900,2,5,7.926,35.51914478,33.89174611
10409,1960,3,5,33.037,35.52020382,33.87622865
10410,1940,3,4,21.035,35.52010834,33.87613055
10412,1960,4,4,27.274,35.51998341,33.87604574
10413,1940,2,2,12.62,35.51981412,33.87584157
10416,1950,3,3,12.031,35.51481986,33.89067037
10419,1950,5,10,53.538,35.514531,33.89049628
10420,1970,6,6,98.808,35.51401281,33.89041112
10436,1940,3,6,23.031,35.51508204,33.88961388
10447,1920,2,2,11.277,35.51505448,33.88946583
10453,1930,5,4,48.662,35.51450362,33.88924212
10458,1960,3,3,28.23,35.51437823,33.88905715
10459,1940,4,8,13.903,35.5149602,33.88903767
10463,1930,3,3,15.974,35.51534618,33.88872456
10464,2000,12,11,147.764,35.5151343,33.88863814
10506,1990,13,13,16.704,35.51415928,33.8889912
10508,2000,11,10,108.411,35.51339077,33.88887222
10513,1960,2,3,8.279,35.51304085,33.88871654
10517,1990,11,10,66.329,35.51410133,33.88864531
10522,1980,8,8,55.633,35.51485222,33.88857427
10586,1970,11,15,121.205,35.51595382,33.8885925
10590,1960,4,4,34.91,35.51297279,33.88943792
10595,1960,4,4,11.959,35.51280904,33.88916986
10653,1970,5,5,17.625,35.51519415,33.89059113
10654,1940,4,4,10.757,35.51523986,33.89044484
10659,1980,10,8,36.599,35.51562982,33.88947879
10670,1960,2,4,65.734,35.51659591,33.87840992
10674,1950,3,4,25.654,35.51636587,33.87797762
10675,1950,1,1,21.69,35.5177017,33.8780378
10677,1940,3,3,22.925,35.51724057,33.87755547
10678,1940,3,3,31.083,35.51702958,33.87763166
10718,1920,2,1,1.019,35.53298228,33.89125185
10743,1940,4,4,127.871,35.53144108,33.88720135
10762,1920,2,2,8.842,35.5305795,33.8916255
10773,1930,2,1,3.781,35.53249026,33.89201329
10774,1930,2,2,9.4,35.53219449,33.89196465
10776,1930,2,2,8.487,35.53239748,33.8919182
10780,1950,5,10,27.229,35.53173034,33.89184005
10781,1930,2,2,7.485,35.53214645,33.89182793
10782,1930,2,4,1.629,35.53233268,33.8918149
10783,1920,2,2,4.296,35.53106698,33.89177579
10785,1930,1,1,3.961,35.53241423,33.89179725
10794,1950,4,8,33.069,35.53098047,33.89160564
10795,1930,2,2,8.112,35.53205383,33.89162151
10798,1960,4,8,14.499,35.53092555,33.89151429
10801,1930,2,2,4.04,35.53201577,33.89148826
10804,1950,4,4,8.68,35.53231754,33.89145251
10807,1950,5,10,36.925,35.53198131,33.8914023
10811,1920,1,1,7.105,35.53088956,33.89132612
10815,1950,5,5,7.127,35.53065615,33.89126583
10819,1920,2,4,8.08,35.53079625,33.89121075
10822,1930,2,2,5.903,35.53208058,33.89119755
10824,1930,2,1,17.013,35.53220903,33.89115397
10825,1950,3,3,25.971,35.53102484,33.89108139
10826,1920,2,3,15.294,35.53056983,33.8910854
10827,1920,2,1,14.694,35.53198429,33.89109749
10828,1950,3,2,13.506,35.53142964,33.89106706
10829,1920,2,5,2.501,35.53067754,33.89106032
10830,1930,2,2,13.105,35.53185678,33.8910919
10833,1930,2,2,5.954,35.53209631,33.89105665
10835,1930,2,1,5.994,35.53219143,33.8910291
10840,1930,3,3,7.084,35.53195972,33.89093898
10842,1920,2,3,771,35.53073967,33.89084523
10843,1920,1,1,19.445,35.53177268,33.89086327
10844,1940,4,4,31.212,35.53237288,33.89085633
10845,1930,3,2,3.855,35.53203549,33.89082923
10847,1940,4,8,36.017,35.53171012,33.89073436
10849,1920,2,2,10.114,35.53193688,33.89068287
10851,1940,4,3,13.225,35.53234272,33.89061851
10852,1920,2,5,30.361,35.53062502,33.89035241
10853,1920,3,4,4.97,35.53124292,33.89035802
10857,1920,1,1,4.619,35.53066594,33.89019526
10860,1920,2,2,14.722,35.53104445,33.89016137
10863,1920,2,1,4.079,35.53199299,33.89016834
10864,1920,2,2,14.024,35.53057465,33.89010524
10868,1920,1,1,4.4,35.53083342,33.89008724
10870,1920,3,3,16.336,35.53095203,33.89005899
10872,1920,1,1,3.077,35.53104141,33.89005676
10926,1920,2,2,1.662,35.53113351,33.89005508
10928,1920,2,2,14.929,35.53022569,33.89001796
10929,1920,2,2,2.391,35.53047822,33.89002539
10935,1920,1,1,10.209,35.53040289,33.88994567
10936,1920,2,2,5.391,35.53006743,33.88992958
10937,1950,4,6,23.162,35.53123142,33.88993016
10938,1920,2,2,3.84,35.53031057,33.88991153
10941,1920,3,3,5.113,35.53011508,33.88986488
10942,1920,4,4,10.957,35.53036031,33.88983397
10945,1920,1,1,4.856,35.53002247,33.88974031
10949,1920,2,3,16.411,35.53069553,33.8897418
10957,1920,2,2,4.726,35.53035864,33.88965085
10960,1920,1,2,6.3,35.53065505,33.88962072
10963,1920,2,3,24.794,35.53005542,33.88957202
10968,1920,2,2,8.067,35.53018281,33.88954193
10969,1920,2,2,14.605,35.53099738,33.88947443
10971,1920,3,5,22.797,35.5301134,33.88949848
10977,1920,1,2,9.932,35.5301674,33.88944061
10978,1920,3,4,13.746,35.52988887,33.88944869
10980,1920,3,3,14.956,35.53077749,33.88943112
10984,1920,4,4,4.733,35.53021805,33.88937887
10985,1920,1,1,2.233,35.52982122,33.88933973
10986,1920,1,1,5.3,35.53074667,33.88934608
10987,1920,3,3,42.98,35.53082941,33.88936089
10990,1920,2,2,1.58,35.5301031,33.88932465
10993,1920,4,4,2.975,35.52987467,33.88927785
10994,1920,4,4,23.868,35.53054231,33.88930377
10995,1920,2,3,14.549,35.53002101,33.88927454
10997,1920,1,1,8.829,35.5312216,33.88929345
11000,1920,3,3,11.168,35.53042691,33.88924134
11001,1920,3,3,11.462,35.52992473,33.88921433
11003,1920,3,3,10.678,35.53059288,33.88923133
11005,1920,2,2,5.103,35.53036176,33.88920568
11006,1920,3,3,13.669,35.52986005,33.88917985
11007,1920,4,4,6.755,35.53069997,33.88920915
11008,1920,2,2,7.623,35.53110645,33.8892104
11009,1920,2,2,10.955,35.53086399,33.88919755
11010,1920,2,2,9.793,35.5304881,33.88916988
11011,1920,2,2,13.511,35.5306404,33.88918275
11013,1920,3,3,5.956,35.53040424,33.88913522
11017,1920,2,2,19.492,35.53092071,33.8891255
11018,1920,4,4,10.377,35.53018277,33.88908698
11019,1920,2,2,7.456,35.53053685,33.88910681
11021,1920,3,3,23.54,35.53045429,33.88907194
11025,1920,1,2,5.947,35.52973995,33.88901339
11027,1920,4,4,9.936,35.53074469,33.88904187
11028,1920,2,2,10.058,35.53023298,33.88902426
11029,1920,2,2,3.25,35.53102928,33.88902902
11033,1920,3,3,26.617,35.53052014,33.88900237
11034,1920,3,3,4.414,35.53027497,33.88896032
11037,1920,2,2,5.367,35.5306647,33.88894636
11041,1920,4,4,11.124,35.53038646,33.88892764
11042,1920,2,2,16.322,35.53033466,33.88889796
11043,1920,1,1,24.474,35.53111578,33.88891974
11044,1920,4,4,16.311,35.5298992,33.88890631
11045,1920,2,2,3.453,35.52984264,33.88888055
11047,1920,2,2,10.449,35.53092635,33.88889558
11048,1920,3,3,13.127,35.53062076,33.88887708
11049,1920,4,4,16.027,35.53044296,33.8888738
11050,1920,3,3,16.065,35.52988602,33.88882908
11051,1920,1,1,4.006,35.53067819,33.88883015
11055,1920,3,3,9.254,35.53016508,33.88880037
11056,1920,1,2,9.481,35.53084371,33.88880658
11057,1920,4,4,3.624,35.52992521,33.88876595
11061,1920,3,3,10.444,35.53021214,33.88873719
11062,1920,4,4,19.614,35.53055682,33.88874644
11063,1920,3,3,13.93,35.53006103,33.88873799
11064,1920,1,1,8.103,35.53108545,33.88874732
11066,1920,3,4,13.248,35.53048772,33.88870749
11068,1920,2,2,26.068,35.52998644,33.8886911
11069,1920,2,2,12.404,35.53011231,33.88868136
11072,1920,3,4,1.197,35.53027052,33.88867341
11073,1920,2,2,4.236,35.53037864,33.88865036
11076,1920,2,2,9.392,35.53031792,33.88861409
11078,1920,1,1,7.017,35.5309619,33.8886183
11079,1920,2,2,4.464,35.53087039,33.88861839
11080,1920,3,3,20.033,35.53110813,33.88859013
11081,1920,3,3,6.242,35.53021069,33.88855268
11083,1920,3,3,38.433,35.53050751,33.8885535
11084,1920,2,2,11.54,35.53087582,33.88856492
11086,1920,4,4,21.737,35.53078505,33.88854741
11088,1920,1,1,382,35.53012838,33.88850531
11090,1940,2,2,16.983,35.53113682,33.88845748
11095,1950,5,6,9.206,35.53101776,33.88832258
11097,1950,5,5,10.126,35.53066299,33.88829594
11098,1920,3,3,24.346,35.5308775,33.88825995
11099,1950,4,8,50.565,35.53060497,33.88818075
11100,1950,3,8,28.584,35.5307346,33.88820279
11101,1950,5,5,48.573,35.53116867,33.88817723
11103,1950,5,5,35.079,35.53103069,33.88810871
11104,1960,6,12,3.432,35.53051445,33.88810741
11105,1950,4,4,25.882,35.53089568,33.88804552
11108,1940,3,8,11.125,35.53071317,33.88794459
11158,1920,2,2,4.146,35.5303029,33.89160737
11165,1950,2,4,9.763,35.53048844,33.8914659
11167,1920,5,5,19.466,35.53057725,33.89145728
11169,1950,5,14,33.597,35.53031876,33.89138806
11172,1920,2,2,6.331,35.53006036,33.89135017
11173,1950,7,15,55.483,35.52935495,33.89129649
11174,1920,2,4,4.551,35.53019847,33.89131859
11178,1920,2,2,4.22,35.5304598,33.89112521
11181,1950,6,16,361.924,35.52902663,33.89081903
11185,1960,6,7,66.866,35.52866409,33.89036529
11186,1950,8,16,90.703,35.52943343,33.89008312
11211,1920,3,3,3.675,35.52956258,33.88954613
11215,1920,2,2,3.949,35.52911116,33.88946514
11219,1920,2,2,13.629,35.5292951,33.88936964
11220,1920,2,2,774,35.52972309,33.88929386
11221,1920,3,4,32.157,35.52960398,33.8892593
11247,1950,4,8,100.254,35.52775544,33.89764825
11248,1920,3,6,61.352,35.52808062,33.89750558
11252,1219,1,1,22.759,35.52882155,33.89710468
11254,1970,4,8,24.746,35.52793115,33.89686827
11257,1980,6,8,14.517,35.52798196,33.89673607
11259,1950,3,3,6.115,35.52774691,33.89670626
11260,1951,2,3,27.266,35.52839979,33.89669822
11262,1971,4,6,28.558,35.52876524,33.89667437
11263,1951,3,2,3.11,35.52822316,33.89660361
11265,1970,2,2,11.836,35.52849657,33.89659734
11310,1940,3,4,46.246,35.52740562,33.89787836
11312,1950,3,3,37.52,35.52678346,33.89783461
11313,1950,4,8,65.34,35.52758151,33.89768161
11314,1940,4,12,62.013,35.52733225,33.89774971
11318,1950,4,4,17.438,35.52674862,33.89751503
11319,1920,2,2,121.645,35.52732533,33.89754771
11320,1940,3,6,125.212,35.52749102,33.89726842
11327,1950,3,3,14.917,35.5276381,33.89680695
11348,1945,2,2,4.981,35.52543388,33.89657877
11349,1968,4,8,18.332,35.52613941,33.89664922
11351,1944,3,3,24.51,35.52624363,33.89649206
11352,1930,2,9,25.945,35.5250209,33.89640526
11355,1936,2,2,14.727,35.52575555,33.89629746
11356,1942,4,4,23.342,35.52526989,33.89621387
11376,1980,6,20,101.276,35.5262157,33.89756653
11385,1930,3,4,7.354,35.52632867,33.89669914
11409,1960,3,6,26.799,35.52511958,33.89850112
11416,1970,7,12,47.65,35.52515013,33.89826
11417,1950,2,4,22.385,35.52645419,33.89824641
11419,1940,2,2,16.556,35.52647161,33.89806788
11426,1960,4,6,7.021,35.52563462,33.8977612
11428,1950,3,6,9.321,35.52547449,33.89774398
11431,1960,4,12,38.208,35.52565191,33.89757557
11432,1960,2,2,17.687,35.5254906,33.89755576
11445,1981,2,2,8.072,35.52802132,33.89545334
11446,1960,1,1,26.897,35.52815543,33.89540986
11447,1960,3,3,11.634,35.52779,33.89539889
11449,1997,4,4,62.461,35.52799371,33.89536241
11451,1961,2,1,48.798,35.52817186,33.89528138
11454,1955,3,3,9.745,35.52709267,33.89522937
11456,1963,5,5,25.952,35.52793105,33.89521369
11458,1975,6,10,32.061,35.52707388,33.89510102
11460,1980,3,13,19.337,35.52810033,33.89513863
11465,1960,6,8,24.043,35.52708061,33.894954
11484,1960,2,2,7.201,35.52700377,33.89484175
11510,1950,3,4,20.688,35.52653249,33.89668459
11511,1960,5,10,14.917,35.52753301,33.89670512
11512,1930,1,6,29.967,35.52699407,33.89669519
11514,1938,1,2,19.965,35.52675056,33.8966028
11516,1970,2,1,6.11,35.52660222,33.89660243
11517,1939,1,2,11.662,35.52700585,33.89655553
11518,1950,3,6,11.199,35.52782818,33.89657125
11519,1949,3,6,27.01,35.52655281,33.89646956
11520,1948,5,6,44.493,35.526675,33.89644011
11521,1968,6,14,79.148,35.52640009,33.89644736
11522,1927,3,5,21.745,35.52680916,33.89648176
11523,1970,3,3,66.78,35.52776374,33.89642668
11534,1950,2,2,11.752,35.52731196,33.89623877
11537,1970,1,1,5.443,35.5278969,33.89621679
11538,1961,4,4,13.395,35.52744801,33.89617971
11543,1945,2,5,19.386,35.52679935,33.89607171
11546,1960,1,1,22.765,35.52778557,33.89606236
11548,1940,4,5,35.926,35.52677103,33.89598101
11550,1950,1,1,8.414,35.52744039,33.89602223
11553,1975,4,4,11.683,35.52758526,33.89601112
11554,1978,3,3,24.434,35.52842343,33.89600115
11555,1962,1,1,12.661,35.52768863,33.89594371
11558,1970,1,1,3.758,35.52777079,33.89591072
11566,1930,2,3,7.744,35.52710739,33.8957763
11567,1950,2,3,19.05,35.52685006,33.89568242
11571,1960,1,1,15.569,35.52767663,33.89567248
11572,1971,2,2,15.78,35.52843332,33.89568489
11573,1930,4,8,35.113,35.5270782,33.89563223
11579,1955,3,3,7.697,35.52752132,33.89559281
11580,1960,8,14,76.111,35.52683674,33.89548809
11584,1970,4,8,28.473,35.52705689,33.89542667
11636,1960,5,10,33.891,35.52490643,33.89842024
11638,1960,4,4,28.116,35.52506874,33.89802803
11642,1940,3,6,39.741,35.52409653,33.8978164
11652,1950,4,8,35.498,35.52814625,33.90153925
11653,1940,3,13,35.999,35.52867382,33.90153609
11657,1940,4,8,34.272,35.52836671,33.90131594
11658,1940,4,8,41.547,35.52851076,33.9013155
11659,1920,1,1,1.685,35.52892085,33.90127154
11660,1900,1,1,1.53,35.52780458,33.9012114
11662,1940,3,6,15.176,35.52899778,33.9011415
11663,1900,1,1,12.358,35.52844363,33.90100109
11664,1940,3,9,28.731,35.52897926,33.90099468
11665,1950,2,2,84.901,35.52796772,33.90093255
11669,1940,3,6,642,35.5283341,33.90086459
11689,1933,2,4,28.888,35.52692531,33.89854562
11692,1940,1,3,3.997,35.52725564,33.89850656
11693,1920,2,4,2.508,35.52679709,33.89838834
11694,1910,2,4,4.297,35.5269384,33.89832978
11696,1930,2,3,4.842,35.52674924,33.89828895
11884,1950,5,18,61.35,35.52607245,33.896124
11888,1960,3,3,22.738,35.52673142,33.89529942
11890,1960,3,3,8.776,35.52669581,33.89518411
11924,1950,4,7,17.819,35.52375641,33.88169362
11925,1950,2,2,9.03,35.52406107,33.88147198
11926,1950,3,2,9.804,35.52419786,33.8813851
11927,1950,3,3,19.368,35.52407813,33.88134789
11928,1950,4,9,33.005,35.51969495,33.88299691
11933,1940,2,4,58.739,35.52090492,33.88314402
11934,1920,2,2,6.429,35.5205795,33.88309347
11936,1940,4,4,71.261,35.52019262,33.88305973
11938,1950,4,4,30.768,35.5209754,33.88297344
11940,1950,4,4,39.149,35.5208527,33.88295402
11941,1940,2,2,9.264,35.52069899,33.8829786
11944,1920,3,3,3.298,35.52035107,33.88294213
11998,1970,8,14,14.492,35.52120152,33.88199047
12010,1940,8,12,88.081,35.5202061,33.88171412
12032,1950,4,8,34.511,35.52245681,33.88145273
12044,1950,2,3,18.848,35.52230776,33.88129251
12059,1940,1,2,4.107,35.52248723,33.88091579
12064,1950,4,4,8.412,35.52177911,33.88079941
12068,1950,2,3,5.285,35.5217408,33.88072394
12226,1950,5,5,12.775,35.52471169,33.8954623
12227,1939,4,6,11.994,35.52473907,33.89537148
12228,1942,1,3,8.626,35.52480828,33.89521819
12229,1985,8,18,105.688,35.5250183,33.89523578
12232,1970,8,14,114.042,35.52500783,33.8950252
12260,1960,7,35,135.793,35.52273786,33.89672322
12279,1945,1,1,6.052,35.52473505,33.89604998
12283,1940,1,5,25.492,35.52460541,33.89595302
12293,1947,4,4,26.269,35.52381351,33.89528084
12294,1957,6,15,48.24,35.52440836,33.89531721
12296,1942,2,3,13.103,35.52394358,33.89502191
12297,1930,2,2,10.054,35.52381972,33.8949914
12330,1940,1,9,37.991,35.52513744,33.89626839
12331,1940,1,3,3.588,35.52482336,33.89626326
12354,1960,2,2,9.114,35.52713971,33.89464499
12438,1935,1,3,12.423,35.52494815,33.8954611
12441,1932,3,7,20.02,35.52586026,33.8948466
12453,1949,4,9,39.388,35.52526803,33.89593272
12455,1945,2,2,7.145,35.52514085,33.89572306
12456,1950,4,4,23.748,35.52531115,33.89570614
12460,1985,7,15,107.485,35.52521686,33.89539031
12461,1970,7,7,33.587,35.52620412,33.8951822
12462,1971,2,2,9.499,35.52600206,33.89515686
12464,1937,4,8,38.754,35.52645008,33.89504734
12467,1950,2,1,85.402,35.52668086,33.89497185
12477,1965,4,4,25.074,35.52620943,33.89492148
12519,1920,2,2,19.614,35.53452289,33.89563743
12522,1920,2,2,4.423,35.53464607,33.89538487
12524,1920,4,4,21.751,35.53453782,33.89538704
12526,1940,4,3,9.317,35.53482922,33.89530011
12546,1920,2,1,16.342,35.53445093,33.89494256
12550,1940,4,3,12.467,35.53466164,33.89485319
12560,1950,2,4,92.315,35.53420978,33.89750985
12561,1930,2,4,19.051,35.53428832,33.89749269
12563,1940,1,4,15.732,35.53418354,33.89743529
12564,1930,2,4,7.805,35.53426895,33.89741706
12565,1930,1,2,5.927,35.53443261,33.89737837
12566,1950,2,10,805,35.53473521,33.89735031
12567,1940,1,3,4.125,35.53451827,33.89735469
12572,1930,2,4,10.26,35.5348472,33.89728155
12575,1940,2,2,8.871,35.53438042,33.89721629
12577,1950,1,5,17.55,35.53446625,33.89719842
12578,1940,1,2,980,35.53482079,33.89720301
12581,1940,2,3,4.08,35.53444052,33.89711939
12586,1950,1,5,2.299,35.5347703,33.89704502
12588,1940,2,6,11.96,35.53430646,33.89697857
12592,1930,1,4,11.233,35.53451521,33.89691897
12593,1940,2,4,6.056,35.53427541,33.8968957
12596,1930,1,6,13.939,35.53408023,33.89682973
12601,1930,2,3,6.055,35.53469173,33.89681501
12603,1940,2,4,8.643,35.53445608,33.8967691
12604,1930,2,3,7.314,35.53453421,33.89675072
12605,1950,3,6,21.008,35.53430741,33.89671898
12607,1950,1,1,34.225,35.53474491,33.89670692
12608,1940,2,4,18.441,35.53442426,33.89669109
12610,1940,2,2,3.218,35.53418963,33.89666008
12611,1950,2,3,3.001,35.5342816,33.89664114
12615,1940,1,6,4.398,35.53471915,33.8966291
12617,1940,1,3,6.886,35.5344883,33.89659448
12622,1930,1,3,5.1,35.53446287,33.89651537
12623,1950,4,5,14.931,35.53423112,33.89648256
12625,1940,2,3,8.414,35.53435309,33.89645542
12629,1960,3,3,38.294,35.53456378,33.89642419
12684,1950,5,8,94.405,35.53526428,33.8953825
12744,1920,3,3,10.588,35.53021005,33.89600684
12770,1940,3,8,57.502,35.53087151,33.89627662
12773,1940,4,10,48.137,35.53135076,33.89610327
12776,1940,4,6,25.981,35.53117872,33.89592417
12778,1920,4,4,26.091,35.53113794,33.89564708
12786,1950,5,10,39.884,35.52905319,33.89693689
12791,1900,1,1,1.527,35.53351614,33.89507597
12802,1976,6,6,46.392,35.52901924,33.89429271
12803,1970,2,2,11.845,35.52879707,33.89427078
12805,1976,2,3,7.31,35.52873636,33.89418736
12812,1990,1,1,1.093,35.52861046,33.89499795
12814,1960,3,3,4.468,35.52824826,33.89481521
12816,1960,3,3,9.356,35.52872458,33.89478257
12818,1950,1,1,12.903,35.52822918,33.89471801
12819,1950,4,6,21.724,35.52864933,33.89464525
12822,1970,2,2,13.422,35.52866282,33.89455134
12826,1896,1,1,3.462,35.52857951,33.89438188
12827,1950,1,1,17.608,35.5282843,33.89436459
12842,1940,2,2,6.172,35.53365038,33.89756796
12843,1950,1,1,3.316,35.53384382,33.89755804
12845,1920,1,1,472,35.53365058,33.89748196
12846,1940,2,3,4.326,35.53375538,33.89746496
12848,1950,2,2,5.283,35.53389919,33.89745406
12849,1950,2,2,5.806,35.53382267,33.89744052
12853,1940,1,2,4.123,35.5337744,33.89738267
12854,1940,1,3,13.587,35.53385374,33.89738133
12855,1940,1,6,19.626,35.5340508,33.89739233
12859,1940,1,2,5.031,35.53395433,33.89731628
12864,1940,1,5,9.233,35.53399352,33.89722238
12867,1940,2,3,9.016,35.53377563,33.89711538
12876,1950,2,3,9.296,35.53402553,33.89695267
12878,1940,2,2,24.406,35.53388599,33.89691981
12884,1940,2,3,9.011,35.53384272,33.89678589
12889,1940,2,4,14.242,35.53377874,33.89671641
12893,1940,2,3,7.307,35.53392147,33.89663796
12896,1950,1,7,11.993,35.53388862,33.89653305
12947,1940,3,4,10.096,35.52990293,33.89636679
12952,1940,3,3,34.508,35.52987725,33.89615796
12954,1920,2,1,14.251,35.53002792,33.8960856
12956,1960,4,5,7.225,35.52875984,33.89598961
12990,1940,3,3,42.278,35.53023644,33.89653577
12993,1920,4,4,17.173,35.53066279,33.8963232
13000,1940,2,2,7.151,35.53077587,33.89712656
13001,1920,1,2,21.514,35.53104844,33.89707902
13002,1950,4,8,154.015,35.53194537,33.89707647
13003,1920,2,2,2.62,35.53123956,33.8969855
13012,1940,5,5,110.803,35.5322266,33.8968299
13013,1950,6,12,84.769,35.53189103,33.89681751
13014,1980,4,4,8.283,35.53249939,33.89682021
13015,1980,4,4,59.392,35.53256909,33.89665097
13016,1950,3,3,35.012,35.5323657,33.89666159
13018,1940,3,3,29.865,35.53275319,33.89652326
13023,1900,2,2,14.272,35.53260323,33.89624788
13027,1920,2,2,4.207,35.53228718,33.89615406
13031,1900,3,3,25.098,35.5325224,33.89606029
13032,1920,2,2,6.789,35.53222556,33.89604777
13041,1950,5,10,36.351,35.53283166,33.89562914
13045,1920,2,4,20.791,35.533063,33.89529442
13046,1940,3,1,29.147,35.5328491,33.8952803
13076,1920,3,2,9.256,35.53301954,33.8950013
13086,1920,3,2,6.517,35.53166029,33.8964682
13087,1940,4,5,28.272,35.53151039,33.8960483
13091,1920,2,2,25.555,35.53130495,33.89582592
13092,1920,2,2,3.509,35.53223473,33.89589273
13093,1940,4,8,32.411,35.53150397,33.89580023
13094,1920,2,2,7.126,35.53169118,33.8956611
13095,1920,3,3,21.741,35.53128198,33.8956073
13097,1950,6,10,83.206,35.5314157,33.8955307
13099,1960,11,10,50.476,35.53220375,33.89551353
13100,1920,3,4,17.217,35.53242343,33.89550734
13102,1900,2,2,12.672,35.53207231,33.89540275
13104,1950,5,11,37.741,35.53205534,33.89527434
13105,1950,6,12,53.234,35.53245599,33.89518122
13108,1940,3,3,19.918,35.53192163,33.89510019
13129,1940,3,6,23.131,35.53275519,33.89501348
13130,1970,4,4,2.303,35.5317165,33.89488328
13131,1940,4,5,33.695,35.53200161,33.89491526
13133,1940,3,7,26.026,35.53221204,33.89492559
13134,1971,4,4,43.444,35.53136319,33.89483237
13135,1970,4,4,27.263,35.5315187,33.89481539
13138,1970,4,4,22.223,35.53165025,33.89474456
13140,1980,12,20,99.188,35.53238173,33.89476088
13141,1920,3,3,11.447,35.53219108,33.89470366
13143,1960,3,3,27.738,35.53136693,33.8945643
14532,1950,2,2,59.463,35.52137761,33.87699781
14534,1960,3,6,21,35.52042275,33.87671519
14538,1960,3,4,35.673,35.52095862,33.87647526
14539,1960,6,14,131.875,35.52055085,33.87640795
14541,1950,2,2,5.549,35.52084951,33.87638821
14545,1940,1,2,7.113,35.52071562,33.87626029
14550,1950,4,4,56.947,35.50878343,33.88438997
14552,1950,3,6,36.52,35.50892543,33.88422723
14557,1960,5,5,4.753,35.50648601,33.88513512
14563,1930,2,2,5.426,35.50937673,33.88302194
14566,1950,2,2,37.119,35.50954537,33.8829803
14575,1960,4,8,11.2,35.5092537,33.88240552
14578,2009,10,27,50.832,35.50971726,33.88238168
14580,1950,4,8,37.535,35.50901281,33.88228622
14582,1990,10,8,13.109,35.50951865,33.88221874
14595,1990,10,9,70.635,35.5100304,33.8815387
14597,1960,4,3,11.111,35.50934823,33.88145858
14599,1950,2,2,8.582,35.50926455,33.88135897
14602,1990,9,21,6.698,35.50895209,33.88129607
14603,1990,10,21,160.299,35.50990969,33.88128015
14607,1960,5,11,127.258,35.50905271,33.88113368
14609,1955,5,10,20.83,35.50915418,33.88094084
14610,1960,6,12,46.215,35.508809,33.88091124
14614,1980,13,12,152.108,35.50911274,33.88076018
14615,1990,6,6,90.362,35.50938938,33.88073152
14616,1950,4,4,32.912,35.5089176,33.88044042
14617,1960,10,20,105.12,35.50914181,33.88038913
14644,1940,6,24,107.033,35.50765028,33.88478077
14652,1940,2,2,6.17,35.50708023,33.88433525
14663,1950,4,5,40.36,35.50809541,33.88457904
14674,1930,2,2,14.399,35.50866854,33.88423035
14675,1960,4,10,12.296,35.50731931,33.88412313
14676,1960,4,8,29.609,35.50801193,33.88402698
14679,1950,6,6,1.116,35.508516,33.88400909
14682,1930,2,2,5.132,35.50871814,33.88402717
14683,2005,11,22,160.828,35.50747475,33.88389882
14684,1990,8,16,84.92,35.50830571,33.88384729
14686,1960,2,2,14.88,35.50868211,33.88384755
14687,2000,10,18,67.706,35.5085368,33.88383289
14695,1950,7,6,31.835,35.50910513,33.88363508
14696,2000,12,18,99.491,35.50811124,33.88361025
14699,1950,6,6,19.27,35.50924051,33.88364175
14705,1950,7,6,62.937,35.5090722,33.88348947
14727,2000,9,18,24.239,35.50833089,33.88135032
14732,1950,2,1,60.116,35.5085643,33.88114366
14734,1960,5,5,57.64,35.5081721,33.88114681
14735,1980,6,12,19.773,35.50839547,33.88110469
14739,1950,6,6,12.711,35.50839439,33.88089753
14740,1980,6,6,34.655,35.50828523,33.88069297
14741,1964,8,8,105.972,35.50872792,33.8807161
14742,1950,4,8,48.14,35.50853115,33.88066919
14743,2000,10,10,102.766,35.50829765,33.88041999
14745,1940,5,10,48.826,35.50862943,33.88028661
14768,1990,11,22,133.916,35.50802737,33.88194068
14769,1990,11,22,115.108,35.50826114,33.88191398
14770,2010,13,26,115.746,35.50849415,33.88187697
14813,1930,3,3,18.908,35.50644009,33.88461566
14974,1940,4,12,39.85,35.51001752,33.88057957
14975,1975,9,18,94.129,35.50974841,33.88048544
14977,1995,5,10,60.667,35.50935537,33.88033238
14978,1950,5,12,27.426,35.50978262,33.88030658
14979,1940,7,7,47.801,35.50878815,33.880228
14982,1940,5,5,24.905,35.50918386,33.88020402
14983,2000,10,10,39.558,35.50937007,33.88019255
14984,1995,9,11,61.134,35.51031535,33.88003327
14985,1990,12,12,122.421,35.50885882,33.87995086
14987,1965,5,5,41.462,35.50930983,33.87994923
14989,1950,4,4,14.934,35.5095522,33.87994498
14995,1960,5,10,28.68,35.50841832,33.87997333
14999,1965,5,10,21.683,35.5084533,33.87979577
15000,1940,2,2,16.169,35.50863079,33.88016625
15001,1970,7,13,105.542,35.51046728,33.87981816
15003,1980,7,14,88.976,35.50950728,33.87977331
15004,1980,7,16,171.142,35.51031954,33.87952476
15006,1980,9,16,82.223,35.5107292,33.87908107
15015,1960,3,4,21.636,35.50871454,33.87976884
15017,1995,12,12,133.432,35.510377,33.87904207
15018,1960,5,16,58.221,35.50919114,33.87892188
15020,1930,4,1,8.314,35.50988491,33.87874251
15065,1960,7,15,151.736,35.50886057,33.87946807
15066,1950,6,12,92.063,35.50858127,33.87921966
15404,1960,6,12,68.668,35.51651301,33.87555519
15406,1950,6,6,56.365,35.51627206,33.87558051
15408,1960,5,5,28.106,35.51616791,33.87674876
15409,1950,4,4,46.721,35.51633466,33.87671206
15413,1960,7,7,27.078,35.5161391,33.87596132
15887,1970,13,25,194.709,35.52561259,33.88459534
15895,1960,6,14,85.531,35.52592393,33.88411684
15897,2005,10,12,90.979,35.52377972,33.88399855
15898,1950,5,5,47.098,35.5239382,33.8839934
15899,1950,6,14,92.326,35.52488929,33.88393857
15901,1955,6,12,59.825,35.52580184,33.88397438
15903,1960,2,8,16.401,35.5235246,33.88379225
15907,1960,8,9,31.558,35.52390959,33.88362937
15910,1970,8,21,31.921,35.52366831,33.88351977
15913,1960,9,18,96.287,35.52503894,33.88353729
15916,1960,7,7,3.837,35.52413565,33.88345249
15926,1970,11,10,63.397,35.52387415,33.88291592
15927,1970,9,18,102.565,35.52370049,33.8829151
15928,1970,11,10,391.011,35.52352312,33.88286884
15936,1990,9,17,109.301,35.52387593,33.88241572
15937,1960,8,16,76.272,35.52367601,33.88239121
15938,2000,10,8,236.239,35.52422272,33.88226764
15940,2000,12,13,581.683,35.52400982,33.88215428
15941,2000,11,10,427.052,35.52422444,33.88209543
15942,1990,11,18,46.681,35.52480679,33.88206275
15945,1970,10,18,122.252,35.52470596,33.88179767
15968,1950,6,12,61.255,35.5272527,33.88477034
15969,1990,12,10,62.915,35.52776793,33.88481669
15970,1940,2,4,17.49,35.52701767,33.88464965
15971,1950,5,10,31.827,35.52736781,33.88454713
15974,1940,4,8,52.34,35.52692944,33.88444451
15977,1940,4,4,23.204,35.52684136,33.88430025
15980,1970,9,20,88.647,35.52773019,33.88419203
15984,1990,10,20,55.929,35.52713506,33.8837699
15986,1980,9,9,62.909,35.52731786,33.88364965
15987,1980,7,8,30.328,35.52749848,33.8836034
15988,1980,9,18,120.424,35.52762392,33.88346934
15989,1980,9,10,37.63,35.52763969,33.88330411
15991,1980,7,14,88.971,35.5276547,33.88314941
15992,1940,3,6,25.4,35.52755999,33.88270996
15993,1940,3,6,9.484,35.52767815,33.88273813
15994,1980,2,8,75.636,35.52814723,33.88246108
15998,1950,6,16,77.499,35.52684422,33.88719803
16000,1950,4,7,32.832,35.52668336,33.88697632
16006,1920,2,2,5.481,35.52663582,33.88686944
16013,1980,12,26,9.369,35.52706593,33.88660873
16016,1920,1,1,30.045,35.52674563,33.88652498
16017,1940,4,4,9.527,35.52693818,33.88643486
16018,1940,3,3,20.783,35.52709344,33.88639308
16021,1971,9,15,92.902,35.52699542,33.88618927
16022,1963,8,14,75.925,35.52722167,33.88612229
16025,1970,7,8,48.401,35.52712941,33.88589921
16027,1964,8,16,118.074,35.52600739,33.88580416
16030,1952,6,7,59.387,35.52690431,33.88565584
16032,1940,8,20,97.734,35.52647483,33.88551976
16058,1920,2,2,22.855,35.52964713,33.88878821
16060,1920,1,1,4.131,35.52976868,33.8887638
16061,1920,3,3,12.551,35.52970042,33.88872427
16062,1920,4,4,1.304,35.52981008,33.88869983
16063,1920,4,4,509,35.52959034,33.88866435
16064,1920,1,1,9.965,35.52974992,33.88867073
16067,1920,1,1,5.228,35.52980509,33.88859592
16069,1920,2,2,1.909,35.52957534,33.88856065
16073,1920,1,1,2.459,35.52996015,33.88850391
16074,1920,1,1,14.466,35.52974159,33.88847647
16076,1920,2,2,8.34,35.53001057,33.88846193
16083,1920,2,2,9.272,35.5302794,33.88815219
16084,1940,3,3,10.38,35.53012689,33.88809778
16086,1950,3,6,41.493,35.53033642,33.88804297
16087,1920,1,1,7.975,35.53055736,33.88792698
16089,1950,5,10,51.628,35.53066263,33.88775515
16090,1950,6,16,73.112,35.53051401,33.88769939
16091,1940,2,3,9.531,35.53088585,33.88762928
16104,1920,3,3,15.89,35.52757771,33.88882078
16105,1920,2,3,1.957,35.52770288,33.88878792
16108,1920,1,1,4.588,35.52744126,33.88874473
16125,1920,2,2,5.256,35.52648055,33.88837595
16129,1940,4,9,30.597,35.52574382,33.88819585
16137,1950,7,7,34.845,35.52573802,33.88806504
16140,1950,5,6,64.384,35.52668686,33.88800986
16141,1960,7,8,64.766,35.52712588,33.88803101
16143,1920,2,2,4.231,35.52572055,33.88798522
16144,1950,5,14,55.802,35.52687978,33.88790757
16146,1950,4,8,33.166,35.52595102,33.88790415
16149,1950,4,8,26.438,35.52592405,33.88778789
16153,1940,3,8,36.704,35.52629267,33.88774436
16154,1950,5,12,67.942,35.52677652,33.88770659
16157,1950,6,12,1.539,35.5258833,33.887631
16161,1950,5,14,71.363,35.52699612,33.88756232
16166,1920,2,2,22.689,35.52584237,33.88736494
16168,1950,4,10,56.274,35.52693289,33.88736762
16177,1920,2,2,7.443,35.52583311,33.8867284
16199,1950,2,2,15.453,35.52508936,33.88606174
16203,1967,3,4,23.08,35.52477993,33.88589897
16204,1950,4,4,22.55,35.52458349,33.88582813
16207,1900,4,12,56.184,35.52441506,33.88558257
16215,1967,6,12,35.584,35.52543613,33.88554589
16226,1970,7,7,33.76,35.52614449,33.88496251
16227,1980,10,10,57.742,35.52591137,33.88493343
16228,1950,6,12,87.395,35.52564696,33.88487583
16229,1962,5,4,29.77,35.52691012,33.88493927
16230,1950,3,2,5.216,35.52675884,33.88492127
16233,1950,5,10,23.016,35.52697632,33.88477785
16235,1950,4,8,18.555,35.5268073,33.88475353
16236,1950,5,10,41.958,35.52664969,33.8847191
16237,1961,9,19,96.145,35.52580838,33.88465438
16238,1940,3,3,8.463,35.52685712,33.88461698
16240,1940,3,4,51.901,35.5265867,33.88458737
16241,1940,3,6,14.801,35.52636647,33.8845028
16243,1940,3,6,16.688,35.52679297,33.8844583
16244,1940,2,2,12.978,35.52664171,33.88442624
16245,1940,2,2,17,35.52651917,33.88439852
16246,1950,7,14,40.904,35.52654678,33.88424543
16247,1950,3,2,30,35.52639675,33.88421861
16248,1920,1,2,6.308,35.52829969,33.88866988
16249,1920,3,3,8.573,35.5280524,33.88863457
16250,1920,1,3,12.032,35.52822688,33.88862963
16252,1920,4,4,8.07,35.52834664,33.88860452
16254,1920,1,2,3.012,35.52885975,33.88862366
16256,1920,2,2,28.594,35.52863524,33.88858365
16258,1920,1,1,7.222,35.52879218,33.88857589
16259,1920,4,4,17.843,35.52839771,33.88854075
16265,1920,2,2,1.262,35.52885258,33.88851531
16268,1920,3,3,7.066,35.5294842,33.88851157
16271,1920,2,2,7.197,35.52926229,33.88843382
16273,1920,1,1,6.183,35.52939748,33.88845097
16274,1920,2,2,9.082,35.52967954,33.88843986
16275,1920,2,2,5.032,35.52916806,33.888426
16277,1920,1,1,5.431,35.52950887,33.88843475
16278,1920,3,3,3.414,35.52947998,33.88837244
16281,1920,2,2,4.25,35.52909016,33.88834535
16282,1920,1,1,6.609,35.52932512,33.88833815
16283,1920,2,2,1.035,35.52899088,33.8883281
16286,1920,3,3,10.051,35.52963224,33.88830262
16287,1920,2,2,983,35.52889388,33.88826896
16288,1920,1,1,1.214,35.52927258,33.88829694
16289,1920,2,2,20.768,35.52872841,33.88826668
16290,1920,1,1,8.447,35.52939613,33.8882639
16291,1920,3,3,9.026,35.52904022,33.88826364
16293,1920,3,3,13.322,35.5295566,33.8882684
16295,1920,3,3,14.073,35.52916885,33.88824355
16296,1920,1,1,2,35.52931974,33.88823009
16297,1920,1,1,5.016,35.52893967,33.88820669
16298,1920,2,3,10.555,35.5298641,33.88825516
16299,1920,2,2,11.027,35.52944624,33.88820768
16302,1920,3,3,16.581,35.52887009,33.88816603
16303,1940,2,2,9.402,35.5281416,33.88816411
16304,1920,3,3,31.029,35.5291962,33.88816575
16305,1920,1,1,34.5,35.52937227,33.88817099
16307,1920,1,1,2.807,35.52899181,33.88814215
16308,1920,2,2,33.779,35.52834132,33.88811233
16310,1940,2,2,9.053,35.52808991,33.8880753
16312,1920,3,3,19.411,35.52892658,33.88810482
16313,1920,4,4,10.943,35.52926074,33.88811204
16318,1920,4,4,14.291,35.52896999,33.88804483
16319,1950,4,8,17.466,35.52829039,33.88799688
16320,1920,3,3,9.573,35.52934137,33.88802036
16321,1950,3,3,6.041,35.52988176,33.88803615
16325,1940,3,3,17.372,35.52804403,33.88792292
16326,1950,4,4,18.476,35.52964805,33.88793129
16331,1950,5,5,18.185,35.52951249,33.88789392
16332,1920,2,2,12.935,35.52848724,33.88786669
16333,1950,4,4,5.631,35.52826818,33.88784777
16334,1940,3,3,36.058,35.52986364,33.88785045
16335,1920,1,1,35.231,35.52883287,33.88783384
16336,1950,6,12,42.336,35.52932003,33.88781833
16337,1950,3,8,25.474,35.52845728,33.88779926
16339,1920,1,1,3.878,35.52972834,33.88776367
16341,1960,6,14,92.407,35.52903669,33.8876252
16342,1920,1,1,49.596,35.53013263,33.88773095
16346,1950,5,10,57.878,35.5303695,33.88763848
16347,1950,4,8,16.371,35.53026724,33.88760234
16350,1950,4,8,34.29,35.53021117,33.88754693
16351,1960,6,14,87.197,35.52938499,33.88749318
16352,1960,7,1,135.055,35.52871152,33.88745347
16353,1950,3,6,24.658,35.53002688,33.88752218
16355,1960,6,14,78.245,35.52896553,33.88738738
16358,1960,8,8,90.565,35.52863776,33.88726122
16360,1960,8,16,79.247,35.53028293,33.88709289
16362,1960,7,15,92.787,35.52859393,33.88706956
16366,1970,6,14,61.156,35.52977217,33.88703243
16367,1970,8,16,74.041,35.5300016,33.88703843
16376,1960,6,12,89.848,35.53112655,33.88669172
16378,1960,6,12,38.2,35.53045327,33.88670075
16380,1970,9,10,82.744,35.53093659,33.88674363
16381,1970,8,20,62.703,35.53023432,33.88653548
16385,1970,7,14,58.325,35.52841275,33.88644409
16387,1950,6,12,116.501,35.5299739,33.88642044
16389,1960,8,7,67.618,35.52766639,33.88629321
16390,2000,8,8,765,35.52780327,33.88626736
16391,1920,3,3,19.773,35.52801376,33.88623487
16393,1970,8,8,74.314,35.52834901,33.88615091
16394,1998,9,8,73.401,35.52744644,33.88608849
16395,1970,9,8,69.114,35.527719,33.88601216
16396,1960,7,14,98.75,35.52950488,33.88604556
16397,1967,9,16,65.241,35.52788056,33.88587959
16399,1940,9,10,79.986,35.52740839,33.88582839
16400,1970,7,7,61.863,35.52849443,33.88582457
16401,1970,6,13,58.908,35.52763414,33.88582757
16402,1961,6,8,51.592,35.52876784,33.88574777
16403,1975,8,16,92.929,35.52820006,33.88564875
16405,1968,9,8,69.187,35.52854958,33.88560797
16407,1990,8,14,105.423,35.52895722,33.88549322
16411,1960,7,7,55.24,35.52786815,33.88523614
16457,1920,2,2,9.515,35.52882623,33.88940994
16458,1920,2,2,26.56,35.52901097,33.88933709
16459,1920,2,2,20.538,35.52921392,33.88932644
16462,1920,3,3,9.713,35.52848014,33.88929377
16465,1920,2,2,10.041,35.52811556,33.88924944
16467,1920,3,3,2.031,35.52885428,33.88925465
16468,1920,2,2,215,35.52913019,33.8892338
16470,1920,2,2,15.487,35.52803485,33.88920633
16472,1920,2,2,20.369,35.52811845,33.88915267
16478,1920,2,2,2.732,35.52765619,33.88906953
16481,1920,2,2,12,35.52922089,33.88912503
16482,1920,3,3,11.67,35.52901253,33.88907716
16483,1920,2,3,5.365,35.52939335,33.88909926
16485,1920,2,3,12.829,35.52849796,33.88905406
16486,1920,1,1,3.549,35.52830328,33.8889905
16488,1920,3,3,14.304,35.52894414,33.88903368
16490,1920,4,4,10.603,35.52843579,33.88901898
16491,1920,4,4,9.889,35.52929239,33.88904521
16492,1920,3,3,10.448,35.52943643,33.8890404
16494,1920,3,3,10.351,35.52804264,33.88898341
16495,1920,3,4,5.9,35.52823435,33.88895282
16496,1920,3,3,4.08,35.52906619,33.88900923
16497,1920,1,3,10.94,35.52870539,33.88899195
16500,1920,1,1,3.579,35.52797372,33.88894403
16501,1920,3,3,15.762,35.52884543,33.888978
16506,1920,2,3,16.433,35.52809967,33.8889194
16507,1920,2,2,5.766,35.52911736,33.88894588
16509,1920,2,3,11.573,35.528755,33.88892739
16510,1920,3,3,18.284,35.52853649,33.88889748
16512,1920,2,2,8.438,35.52904722,33.88890651
16513,1920,2,2,11.088,35.52801497,33.88887776
16514,1920,2,4,18.441,35.52787448,33.88887818
16516,1920,3,3,5.892,35.5281448,33.88885499
16518,1920,1,1,3.11,35.52917105,33.8888747
16520,1920,2,2,9.295,35.52879836,33.88885951
16521,1920,2,4,16.843,35.52781073,33.88883868
16523,1920,2,2,5.581,35.52893734,33.8888375
16524,1920,2,3,10.405,35.52857827,33.88883513
16525,1920,4,4,20.829,35.52909819,33.88884355
16526,1920,2,2,6.486,35.52807441,33.88881651
16527,1920,2,2,2.238,35.52842681,33.88882968
16531,1920,1,1,5.017,35.52870196,33.88880548
16533,1920,1,4,9.978,35.52886088,33.88879771
16534,1920,2,3,2.965,35.5279671,33.88875636
16535,1920,2,2,9.382,35.52898447,33.88877799
16537,1920,2,3,7.233,35.52863774,33.88876485
16539,1920,2,2,4.926,35.52790642,33.88872232
16544,1920,2,2,6.088,35.52817737,33.88870723
16548,1920,3,3,15.77,35.52847301,33.88866982
16549,1920,2,2,4.232,35.52947548,33.88869791
16550,1920,1,2,9.041,35.52880519,33.88867913
16551,1920,2,2,4.477,35.52895318,33.888669
16627,1950,4,10,44.924,35.50849645,33.88532839
16631,1950,3,3,25.889,35.50911212,33.88503544
16632,1930,3,3,17.802,35.50853967,33.88494944
16644,1950,3,5,22.544,35.50877107,33.88457965
16647,1950,5,5,41.896,35.50891974,33.8845645
16648,1980,6,12,66.21,35.50896333,33.88439463
16665,2007,11,22,125.988,35.50944596,33.88438322
16684,1960,8,9,129.281,35.51169073,33.88718061
16689,1960,12,12,13.066,35.51112834,33.88695072
16785,1980,7,10,56.665,35.5108083,33.88992279
16791,1930,2,3,4.792,35.51096798,33.88942702
16806,1960,4,5,31.36,35.51135597,33.88936933
16807,2000,10,10,68.066,35.51105843,33.88923617
16845,1990,7,16,111.142,35.50759576,33.8857882
16846,1960,9,8,49.328,35.50761901,33.88561263
16847,1940,7,14,43.734,35.50724899,33.88551512
16852,1960,3,3,5.995,35.50778495,33.88540362
16853,1930,2,2,9.952,35.50797263,33.8854382
16860,1930,3,3,13.535,35.5080413,33.88510343
16864,1940,3,8,22.999,35.5076157,33.88505518
16868,1965,6,18,86.737,35.50790202,33.8848556
16879,1920,2,1,141.512,35.5086712,33.88883598
16883,1920,2,2,7.477,35.5087014,33.88866262
16885,1960,6,6,43.413,35.5081602,33.88842919
16914,1920,4,5,60.764,35.51202664,33.88838683
16938,1920,4,4,42.664,35.51185823,33.88898751
16939,1900,3,2,32.89,35.51162634,33.88895295
16994,1960,8,8,48.394,35.51008346,33.88798821
16995,1960,9,18,344.557,35.50961763,33.88795868
17023,1960,5,5,369.483,35.5112677,33.88838014
17025,1960,4,9,33.816,35.51007874,33.88825915
17136,1949,5,36,160.127,35.51548087,33.87794943
17143,1970,6,20,46.004,35.51609143,33.87856158
17144,1960,4,10,64.884,35.51636581,33.87852522
17215,1955,7,7,102.004,35.51479725,33.87433583
17220,1970,7,14,96.838,35.51531206,33.87391471
17224,1959,5,13,63.596,35.51667323,33.87383129
17236,1960,6,14,95.248,35.51674463,33.87309349
17247,1950,7,14,94.593,35.51578625,33.87459428
17248,1950,6,14,60.63,35.51604845,33.87454322
17255,1950,3,6,33.649,35.51675491,33.8740621
17256,1970,6,6,65.395,35.51704554,33.87398542
17264,1960,4,9,18.616,35.51964743,33.87574792
18455,1965,7,7,111.362,35.51477193,33.87454101
18458,1970,8,8,78.531,35.51538197,33.87504061
18459,1960,5,11,64.606,35.51546076,33.87687528
18460,1950,5,10,41.967,35.51594235,33.87679646
18465,1969,9,9,221.901,35.51512729,33.87656195
18466,1970,7,20,95.931,35.51582324,33.87639965
18468,1950,6,12,132.171,35.51494636,33.8761954
18471,1957,7,7,96.041,35.51543449,33.87612069
18472,1960,7,13,82.257,35.51566904,33.8760487
18474,1960,7,8,57.205,35.51511424,33.87585229
18475,1950,7,7,59.43,35.51532941,33.87576984
18476,1962,6,6,51.842,35.51556394,33.87572326
18477,1960,7,7,150.098,35.51523678,33.87541266
18480,1970,10,10,99.724,35.51515105,33.87508707
18512,1950,5,30,121.733,35.51532677,33.87743593
18513,1958,8,16,107.784,35.51562965,33.87740749
18514,1950,5,5,9.432,35.51558438,33.87715373
18638,1970,5,10,13.943,35.50727609,33.88936836
19209,1940,2,2,1.344,35.47436869,33.89818909
19211,1950,4,8,49.133,35.47444241,33.89797427
19215,1950,4,10,27.716,35.47371407,33.89777923
19217,1960,7,14,46.632,35.47345217,33.89774145
19221,1960,6,12,116.39,35.47456887,33.89733105
19228,1920,4,8,27.632,35.4751404,33.89713288
19230,1950,4,4,38.972,35.47453201,33.89710876
19231,1920,4,8,5.859,35.47434158,33.89707686
19232,1920,2,2,6.957,35.47541881,33.89705265
19234,1960,6,6,12.155,35.47454835,33.89696634
19235,1960,10,10,60.221,35.4747605,33.8969694
19237,1950,3,6,26.724,35.47438599,33.89668844
19242,1980,11,44,340.576,35.47516432,33.8962755
19271,1950,6,14,151.669,35.47649121,33.89953534
19272,1940,4,10,754.75,35.47600737,33.89927499
19275,2000,19,19,45.858,35.47503356,33.8990557
19277,1980,6,6,208.478,35.47386565,33.89894617
19278,1950,3,6,76.01,35.47462905,33.89894755
19282,1990,19,28,118.003,35.47617403,33.89888565
19283,1980,11,11,21.426,35.47581965,33.89884328
19285,1990,9,9,369.603,35.47655378,33.89875376
19289,1970,4,5,72.787,35.47412758,33.89863184
19291,1960,4,8,3.978,35.47583222,33.89852387
19294,1950,3,6,45.95,35.47435794,33.89837449
19301,1920,3,8,13.83,35.47580004,33.89819604
19305,1980,10,22,84.463,35.47602627,33.89809348
19306,1910,3,6,21.131,35.47545766,33.89800859
19307,1930,3,3,15.624,35.47575394,33.89790648
19309,1930,2,6,10.059,35.47561869,33.89788836
19311,1920,3,6,46.99,35.47538443,33.89770823
19315,1960,8,16,118.021,35.47590653,33.89757624
19316,1980,11,55,58.389,35.47651704,33.89757872
19317,1990,10,10,56.631,35.47615437,33.89755251
19318,1920,3,6,90.722,35.47538386,33.89745466
19326,1980,8,16,52.843,35.4755957,33.89708705
19378,1960,6,24,126.799,35.4775914,33.90183404
19388,1970,6,7,36.04,35.47648446,33.90067288
19391,1960,5,11,17.936,35.47514186,33.9006267
19392,1980,12,12,145.27,35.47627321,33.90063213
19394,1930,1,1,5.423,35.47406392,33.90036677
19399,1812,1,2,8.156,35.47581326,33.90011663
19400,1960,4,8,17.523,35.47392545,33.89999387
19403,1980,7,7,77.872,35.47603715,33.8999167
19404,1960,5,10,25.394,35.47414735,33.89984277
19413,1950,4,12,754.75,35.47561701,33.89946345
19414,1980,4,4,752.376,35.47445798,33.89929439
19490,1950,4,4,37.614,35.51509,33.89467554
19493,1920,2,1,64.043,35.51526378,33.89461744
19496,1900,2,2,64.261,35.51500121,33.89445209
19497,1970,8,20,102.496,35.51473472,33.89441435
19498,1960,4,4,1.237,35.51554193,33.89451577
19503,1960,7,14,26.933,35.51531186,33.89426396
19504,1950,5,5,56.612,35.51556149,33.89430778
19509,1950,4,6,46.09,35.51563192,33.89382525
19514,1900,2,2,213.454,35.51457875,33.89372936
19516,1980,9,9,140.382,35.51467112,33.8933306
19518,1990,14,13,328.868,35.51486002,33.89297179
19520,1980,9,9,122.21,35.51526357,33.8934036
19522,1990,10,9,370.281,35.51528936,33.89305631
19524,1940,2,1,62.819,35.51535067,33.89265601
19527,1960,4,4,20.366,35.51549121,33.89246078
19550,1950,1,1,127.997,35.51656473,33.89609087
19616,1920,2,1,17.75,35.51566736,33.89565875
19618,1932,2,2,4.714,35.51546381,33.8955108
19621,1940,4,8,42.352,35.51626731,33.89531416
19625,1930,3,3,24.57,35.51549121,33.89488554
19627,1960,4,4,34.844,35.51586851,33.89467029
19628,1950,5,5,16.979,35.51605387,33.89468236
19642,1950,3,3,12.886,35.51605608,33.89459659
19643,1960,6,6,21.239,35.51585204,33.89455161
19647,1990,9,9,267.333,35.51682821,33.89320809
19649,1960,4,3,5.494,35.51759678,33.89318719
19650,1980,6,6,165.055,35.516945,33.89296451
19651,1980,9,16,174.313,35.51739393,33.89292081
19661,1930,3,3,38.396,35.51697569,33.89526648
19671,1950,4,4,9.839,35.51656747,33.89470216
19683,1910,2,2,20.28,35.51620048,33.89460145
19684,1930,3,1,49.42,35.5171444,33.89448623
19685,1900,4,3,79.691,35.51757498,33.89444208
19688,1900,2,2,4.068,35.51794149,33.89443394
19689,1950,5,10,14.468,35.51611293,33.89434774
19710,1980,7,6,154.062,35.51597242,33.89270681
19722,1930,3,2,79.837,35.51821845,33.89453928
19869,1940,2,4,29.164,35.52031878,33.87601667
19871,1940,2,3,20.387,35.52023477,33.87595109
19873,1950,3,8,12.728,35.52013457,33.87585584
19874,1950,2,4,18.646,35.52046278,33.87576398
19879,1950,3,3,16.505,35.52049631,33.87556749
19887,1940,3,6,32.93,35.52067471,33.87599574
21345,1940,4,4,26.443,35.5312283,33.90262516
21346,1940,2,4,9.83,35.53154292,33.90264177
21348,1940,2,2,10.848,35.53141824,33.9025813
21350,1920,2,2,3.963,35.53210299,33.9025407
21352,1940,3,3,24.524,35.53173713,33.90252553
21353,1920,2,2,28.82,35.53224555,33.9024882
21369,1940,3,6,19.678,35.53135337,33.9021808
21370,1940,2,2,1.767,35.53254553,33.90220278
21387,1900,1,1,55.07,35.53181411,33.90176529
21388,1950,3,4,32.273,35.53217159,33.9017503
21390,1940,1,2,15.162,35.53195808,33.90174445
21391,1940,3,6,12.815,35.53205001,33.90174431
21395,1940,2,4,54.673,35.53069866,33.90127683
21396,1920,1,2,6.34,35.53104823,33.90130988
21402,1920,2,2,15.585,35.53100754,33.90118299
21405,1940,3,8,21.854,35.53058338,33.90096595
21406,1920,2,2,12.986,35.53048092,33.9008836
21407,1920,2,2,87.263,35.53064096,33.9006952
21408,1940,1,1,918,35.53082179,33.90059403
21492,1940,3,4,17.09,35.53000371,33.90110283
21495,1920,2,1,8.178,35.53024748,33.9009468
21496,1940,3,3,30.705,35.52999457,33.90090454
21498,1920,1,1,13.581,35.52984721,33.90076891
